"Technology","Year","Value","Mode","Scenario"
"ICEV-G",2005,431313,"Private car","Default"
"ICEV-D",2005,6,"Private car","Default"
"HEV-G",2005,347,"Private car","Default"
"CNG",2005,196,"Private car","Default"
"PHEV",2005,0,"Private car","Default"
"BEV",2005,1,"Private car","Default"
"ICEV-G",2006,464890,"Private car","Default"
"ICEV-D",2006,7,"Private car","Default"
"HEV-G",2006,374,"Private car","Default"
"CNG",2006,211,"Private car","Default"
"PHEV",2006,0,"Private car","Default"
"BEV",2006,1,"Private car","Default"
"ICEV-G",2007,504699,"Private car","Default"
"ICEV-D",2007,4,"Private car","Default"
"HEV-G",2007,1039,"Private car","Default"
"CNG",2007,244,"Private car","Default"
"PHEV",2007,0,"Private car","Default"
"BEV",2007,1,"Private car","Default"
"ICEV-G",2008,536075,"Private car","Default"
"ICEV-D",2008,17,"Private car","Default"
"HEV-G",2008,1963,"Private car","Default"
"CNG",2008,2400,"Private car","Default"
"PHEV",2008,0,"Private car","Default"
"BEV",2008,1,"Private car","Default"
"ICEV-G",2009,561345,"Private car","Default"
"ICEV-D",2009,42,"Private car","Default"
"HEV-G",2009,2590,"Private car","Default"
"CNG",2009,2630,"Private car","Default"
"PHEV",2009,0,"Private car","Default"
"BEV",2009,1,"Private car","Default"
"ICEV-G",2010,578359,"Private car","Default"
"ICEV-D",2010,135,"Private car","Default"
"HEV-G",2010,3245,"Private car","Default"
"CNG",2010,2657,"Private car","Default"
"PHEV",2010,0,"Private car","Default"
"BEV",2010,2,"Private car","Default"
"ICEV-G",2011,585713,"Private car","Default"
"ICEV-D",2011,339,"Private car","Default"
"HEV-G",2011,3715,"Private car","Default"
"CNG",2011,2592,"Private car","Default"
"PHEV",2011,0,"Private car","Default"
"BEV",2011,2,"Private car","Default"
"ICEV-G",2012,597527,"Private car","Default"
"ICEV-D",2012,667,"Private car","Default"
"HEV-G",2012,4590,"Private car","Default"
"CNG",2012,2363,"Private car","Default"
"PHEV",2012,0,"Private car","Default"
"BEV",2012,3,"Private car","Default"
"ICEV-G",2013,598798,"Private car","Default"
"ICEV-D",2013,1380,"Private car","Default"
"HEV-G",2013,4912,"Private car","Default"
"CNG",2013,2203,"Private car","Default"
"PHEV",2013,0,"Private car","Default"
"BEV",2013,0,"Private car","Default"
"ICEV-G",2014,589374,"Private car","Default"
"ICEV-D",2014,3121,"Private car","Default"
"HEV-G",2014,5591,"Private car","Default"
"CNG",2014,2044,"Private car","Default"
"PHEV",2014,46,"Private car","Default"
"BEV",2014,1,"Private car","Default"
"ICEV-G",2015,561587,"Private car","Default"
"ICEV-D",2015,5709,"Private car","Default"
"HEV-G",2015,6108,"Private car","Default"
"CNG",2015,1846,"Private car","Default"
"PHEV",2015,103,"Private car","Default"
"BEV",2015,1,"Private car","Default"
"ICEV-G",2016,531956,"Private car","Default"
"ICEV-D",2016,9522,"Private car","Default"
"HEV-G",2016,9277,"Private car","Default"
"CNG",2016,1546,"Private car","Default"
"PHEV",2016,115,"Private car","Default"
"BEV",2016,11,"Private car","Default"
"ICEV-G",2017,512941,"Private car","Default"
"ICEV-D",2017,13853,"Private car","Default"
"HEV-G",2017,18549,"Private car","Default"
"CNG",2017,899,"Private car","Default"
"PHEV",2017,184,"Private car","Default"
"BEV",2017,280,"Private car","Default"
"ICEV-G",2018,508138,"Private car","Default"
"ICEV-D",2018,15389,"Private car","Default"
"HEV-G",2018,24262,"Private car","Default"
"CNG",2018,345,"Private car","Default"
"PHEV",2018,339,"Private car","Default"
"BEV",2018,500,"Private car","Default"
"ICEV-G",2019,504631,"Private car","Default"
"ICEV-D",2019,15841,"Private car","Default"
"HEV-G",2019,31365,"Private car","Default"
"CNG",2019,219,"Private car","Default"
"PHEV",2019,415,"Private car","Default"
"BEV",2019,983,"Private car","Default"
"ICEV-G",2020,497765,"Private car","Default"
"ICEV-D",2020,15903,"Private car","Default"
"HEV-G",2020,37677,"Private car","Default"
"CNG",2020,196,"Private car","Default"
"PHEV",2020,479,"Private car","Default"
"BEV",2020,1435,"Private car","Default"
"ICEV-G",2021,491355,"Private car","Default"
"ICEV-D",2021,15770,"Private car","Default"
"HEV-G",2021,43745,"Private car","Default"
"CNG",2021,153,"Private car","Default"
"PHEV",2021,546,"Private car","Default"
"BEV",2021,1886,"Private car","Default"
"ICEV-G",2022,486008,"Private car","Default"
"ICEV-D",2022,15532,"Private car","Default"
"HEV-G",2022,48895,"Private car","Default"
"CNG",2022,112,"Private car","Default"
"PHEV",2022,606,"Private car","Default"
"BEV",2022,2302,"Private car","Default"
"ICEV-G",2023,481581,"Private car","Default"
"ICEV-D",2023,15217,"Private car","Default"
"HEV-G",2023,53297,"Private car","Default"
"CNG",2023,57,"Private car","Default"
"PHEV",2023,649,"Private car","Default"
"BEV",2023,2654,"Private car","Default"
"ICEV-G",2024,478105,"Private car","Default"
"ICEV-D",2024,14662,"Private car","Default"
"HEV-G",2024,57027,"Private car","Default"
"CNG",2024,43,"Private car","Default"
"PHEV",2024,671,"Private car","Default"
"BEV",2024,2947,"Private car","Default"
"ICEV-G",2025,475020,"Private car","Default"
"ICEV-D",2025,13896,"Private car","Default"
"HEV-G",2025,60592,"Private car","Default"
"CNG",2025,38,"Private car","Default"
"PHEV",2025,692,"Private car","Default"
"BEV",2025,3218,"Private car","Default"
"ICEV-G",2026,472675,"Private car","Default"
"ICEV-D",2026,12789,"Private car","Default"
"HEV-G",2026,63714,"Private car","Default"
"CNG",2026,35,"Private car","Default"
"PHEV",2026,735,"Private car","Default"
"BEV",2026,3507,"Private car","Default"
"ICEV-G",2027,471982,"Private car","Default"
"ICEV-D",2027,11604,"Private car","Default"
"HEV-G",2027,65333,"Private car","Default"
"CNG",2027,32,"Private car","Default"
"PHEV",2027,757,"Private car","Default"
"BEV",2027,3747,"Private car","Default"
"ICEV-G",2028,469615,"Private car","Default"
"ICEV-D",2028,11169,"Private car","Default"
"HEV-G",2028,67905,"Private car","Default"
"CNG",2028,28,"Private car","Default"
"PHEV",2028,751,"Private car","Default"
"BEV",2028,3988,"Private car","Default"
"ICEV-G",2029,468295,"Private car","Default"
"ICEV-D",2029,10853,"Private car","Default"
"HEV-G",2029,69427,"Private car","Default"
"CNG",2029,4,"Private car","Default"
"PHEV",2029,764,"Private car","Default"
"BEV",2029,4112,"Private car","Default"
"ICEV-G",2030,467145,"Private car","Default"
"ICEV-D",2030,10485,"Private car","Default"
"HEV-G",2030,70813,"Private car","Default"
"CNG",2030,0,"Private car","Default"
"PHEV",2030,776,"Private car","Default"
"BEV",2030,4235,"Private car","Default"
"ICEV-G",2031,466562,"Private car","Default"
"ICEV-D",2031,10118,"Private car","Default"
"HEV-G",2031,71661,"Private car","Default"
"CNG",2031,0,"Private car","Default"
"PHEV",2031,784,"Private car","Default"
"BEV",2031,4330,"Private car","Default"
"ICEV-G",2032,466386,"Private car","Default"
"ICEV-D",2032,9849,"Private car","Default"
"HEV-G",2032,72044,"Private car","Default"
"CNG",2032,0,"Private car","Default"
"PHEV",2032,787,"Private car","Default"
"BEV",2032,4389,"Private car","Default"
"ICEV-G",2033,466039,"Private car","Default"
"ICEV-D",2033,9762,"Private car","Default"
"HEV-G",2033,72436,"Private car","Default"
"CNG",2033,0,"Private car","Default"
"PHEV",2033,788,"Private car","Default"
"BEV",2033,4431,"Private car","Default"
"ICEV-G",2034,465919,"Private car","Default"
"ICEV-D",2034,9707,"Private car","Default"
"HEV-G",2034,72593,"Private car","Default"
"CNG",2034,0,"Private car","Default"
"PHEV",2034,789,"Private car","Default"
"BEV",2034,4447,"Private car","Default"
"ICEV-G",2035,465816,"Private car","Default"
"ICEV-D",2035,9633,"Private car","Default"
"HEV-G",2035,72755,"Private car","Default"
"CNG",2035,0,"Private car","Default"
"PHEV",2035,789,"Private car","Default"
"BEV",2035,4463,"Private car","Default"
"ICEV-G",2036,465671,"Private car","Default"
"ICEV-D",2036,9544,"Private car","Default"
"HEV-G",2036,72970,"Private car","Default"
"CNG",2036,0,"Private car","Default"
"PHEV",2036,789,"Private car","Default"
"BEV",2036,4481,"Private car","Default"
"ICEV-G",2037,465560,"Private car","Default"
"ICEV-D",2037,9432,"Private car","Default"
"HEV-G",2037,73170,"Private car","Default"
"CNG",2037,0,"Private car","Default"
"PHEV",2037,792,"Private car","Default"
"BEV",2037,4501,"Private car","Default"
"ICEV-G",2038,465639,"Private car","Default"
"ICEV-D",2038,9325,"Private car","Default"
"HEV-G",2038,73183,"Private car","Default"
"CNG",2038,0,"Private car","Default"
"PHEV",2038,792,"Private car","Default"
"BEV",2038,4516,"Private car","Default"
"ICEV-G",2039,465531,"Private car","Default"
"ICEV-D",2039,9305,"Private car","Default"
"HEV-G",2039,73294,"Private car","Default"
"CNG",2039,0,"Private car","Default"
"PHEV",2039,793,"Private car","Default"
"BEV",2039,4531,"Private car","Default"
"ICEV-G",2040,465533,"Private car","Default"
"ICEV-D",2040,9304,"Private car","Default"
"HEV-G",2040,73295,"Private car","Default"
"CNG",2040,0,"Private car","Default"
"PHEV",2040,793,"Private car","Default"
"BEV",2040,4530,"Private car","Default"
"ICEV-G",2041,465531,"Private car","Default"
"ICEV-D",2041,9306,"Private car","Default"
"HEV-G",2041,73294,"Private car","Default"
"CNG",2041,0,"Private car","Default"
"PHEV",2041,794,"Private car","Default"
"BEV",2041,4530,"Private car","Default"
"ICEV-G",2042,465529,"Private car","Default"
"ICEV-D",2042,9306,"Private car","Default"
"HEV-G",2042,73293,"Private car","Default"
"CNG",2042,0,"Private car","Default"
"PHEV",2042,795,"Private car","Default"
"BEV",2042,4532,"Private car","Default"
"ICEV-G",2043,465533,"Private car","Default"
"ICEV-D",2043,9306,"Private car","Default"
"HEV-G",2043,73292,"Private car","Default"
"CNG",2043,0,"Private car","Default"
"PHEV",2043,794,"Private car","Default"
"BEV",2043,4530,"Private car","Default"
"ICEV-G",2044,465535,"Private car","Default"
"ICEV-D",2044,9302,"Private car","Default"
"HEV-G",2044,73295,"Private car","Default"
"CNG",2044,0,"Private car","Default"
"PHEV",2044,794,"Private car","Default"
"BEV",2044,4529,"Private car","Default"
"ICEV-G",2045,465532,"Private car","Default"
"ICEV-D",2045,9303,"Private car","Default"
"HEV-G",2045,73296,"Private car","Default"
"CNG",2045,0,"Private car","Default"
"PHEV",2045,794,"Private car","Default"
"BEV",2045,4529,"Private car","Default"
"ICEV-G",2046,465532,"Private car","Default"
"ICEV-D",2046,9301,"Private car","Default"
"HEV-G",2046,73298,"Private car","Default"
"CNG",2046,0,"Private car","Default"
"PHEV",2046,794,"Private car","Default"
"BEV",2046,4530,"Private car","Default"
"ICEV-G",2047,465533,"Private car","Default"
"ICEV-D",2047,9299,"Private car","Default"
"HEV-G",2047,73299,"Private car","Default"
"CNG",2047,0,"Private car","Default"
"PHEV",2047,792,"Private car","Default"
"BEV",2047,4531,"Private car","Default"
"ICEV-G",2048,465534,"Private car","Default"
"ICEV-D",2048,9298,"Private car","Default"
"HEV-G",2048,73299,"Private car","Default"
"CNG",2048,0,"Private car","Default"
"PHEV",2048,792,"Private car","Default"
"BEV",2048,4532,"Private car","Default"
"ICEV-G",2049,465536,"Private car","Default"
"ICEV-D",2049,9297,"Private car","Default"
"HEV-G",2049,73298,"Private car","Default"
"CNG",2049,0,"Private car","Default"
"PHEV",2049,792,"Private car","Default"
"BEV",2049,4532,"Private car","Default"
"ICEV-G",2050,465535,"Private car","Default"
"ICEV-D",2050,9296,"Private car","Default"
"HEV-G",2050,73299,"Private car","Default"
"CNG",2050,0,"Private car","Default"
"PHEV",2050,793,"Private car","Default"
"BEV",2050,4532,"Private car","Default"
"ICEV-G",2005,8558,"Private hire car","Default"
"ICEV-D",2005,0,"Private hire car","Default"
"HEV-G",2005,6,"Private hire car","Default"
"CNG",2005,4,"Private hire car","Default"
"PHEV",2005,0,"Private hire car","Default"
"BEV",2005,0,"Private hire car","Default"
"ICEV-G",2006,9223,"Private hire car","Default"
"ICEV-D",2006,0,"Private hire car","Default"
"HEV-G",2006,7,"Private hire car","Default"
"CNG",2006,4,"Private hire car","Default"
"PHEV",2006,0,"Private hire car","Default"
"BEV",2006,0,"Private hire car","Default"
"ICEV-G",2007,11026,"Private hire car","Default"
"ICEV-D",2007,0,"Private hire car","Default"
"HEV-G",2007,23,"Private hire car","Default"
"CNG",2007,5,"Private hire car","Default"
"PHEV",2007,0,"Private hire car","Default"
"BEV",2007,0,"Private hire car","Default"
"ICEV-G",2008,12291,"Private hire car","Default"
"ICEV-D",2008,0,"Private hire car","Default"
"HEV-G",2008,45,"Private hire car","Default"
"CNG",2008,55,"Private hire car","Default"
"PHEV",2008,0,"Private hire car","Default"
"BEV",2008,0,"Private hire car","Default"
"ICEV-G",2009,12644,"Private hire car","Default"
"ICEV-D",2009,1,"Private hire car","Default"
"HEV-G",2009,58,"Private hire car","Default"
"CNG",2009,59,"Private hire car","Default"
"PHEV",2009,0,"Private hire car","Default"
"BEV",2009,0,"Private hire car","Default"
"ICEV-G",2010,13209,"Private hire car","Default"
"ICEV-D",2010,3,"Private hire car","Default"
"HEV-G",2010,74,"Private hire car","Default"
"CNG",2010,61,"Private hire car","Default"
"PHEV",2010,0,"Private hire car","Default"
"BEV",2010,0,"Private hire car","Default"
"ICEV-G",2011,13763,"Private hire car","Default"
"ICEV-D",2011,8,"Private hire car","Default"
"HEV-G",2011,87,"Private hire car","Default"
"CNG",2011,61,"Private hire car","Default"
"PHEV",2011,0,"Private hire car","Default"
"BEV",2011,0,"Private hire car","Default"
"ICEV-G",2012,14675,"Private hire car","Default"
"ICEV-D",2012,16,"Private hire car","Default"
"HEV-G",2012,113,"Private hire car","Default"
"CNG",2012,59,"Private hire car","Default"
"PHEV",2012,0,"Private hire car","Default"
"BEV",2012,0,"Private hire car","Default"
"ICEV-G",2013,16167,"Private hire car","Default"
"ICEV-D",2013,37,"Private hire car","Default"
"HEV-G",2013,133,"Private hire car","Default"
"CNG",2013,59,"Private hire car","Default"
"PHEV",2013,0,"Private hire car","Default"
"BEV",2013,0,"Private hire car","Default"
"ICEV-G",2014,18508,"Private hire car","Default"
"ICEV-D",2014,98,"Private hire car","Default"
"HEV-G",2014,176,"Private hire car","Default"
"CNG",2014,64,"Private hire car","Default"
"PHEV",2014,1,"Private hire car","Default"
"BEV",2014,0,"Private hire car","Default"
"ICEV-G",2015,28666,"Private hire car","Default"
"ICEV-D",2015,291,"Private hire car","Default"
"HEV-G",2015,312,"Private hire car","Default"
"CNG",2015,94,"Private hire car","Default"
"PHEV",2015,5,"Private hire car","Default"
"BEV",2015,0,"Private hire car","Default"
"ICEV-G",2016,49434,"Private hire car","Default"
"ICEV-D",2016,885,"Private hire car","Default"
"HEV-G",2016,862,"Private hire car","Default"
"CNG",2016,144,"Private hire car","Default"
"PHEV",2016,11,"Private hire car","Default"
"BEV",2016,1,"Private hire car","Default"
"ICEV-G",2017,63878,"Private hire car","Default"
"ICEV-D",2017,1725,"Private hire car","Default"
"HEV-G",2017,2310,"Private hire car","Default"
"CNG",2017,112,"Private hire car","Default"
"PHEV",2017,23,"Private hire car","Default"
"BEV",2017,35,"Private hire car","Default"
"ICEV-G",2018,61536,"Private hire car","Default"
"ICEV-D",2018,1865,"Private hire car","Default"
"HEV-G",2018,2938,"Private hire car","Default"
"CNG",2018,41,"Private hire car","Default"
"PHEV",2018,51,"Private hire car","Default"
"BEV",2018,70,"Private hire car","Default"
"ICEV-G",2019,70336,"Private hire car","Default"
"ICEV-D",2019,2208,"Private hire car","Default"
"HEV-G",2019,4372,"Private hire car","Default"
"CNG",2019,32,"Private hire car","Default"
"PHEV",2019,58,"Private hire car","Default"
"BEV",2019,137,"Private hire car","Default"
"ICEV-G",2020,70388,"Private hire car","Default"
"ICEV-D",2020,2270,"Private hire car","Default"
"HEV-G",2020,4844,"Private hire car","Default"
"CNG",2020,29,"Private hire car","Default"
"PHEV",2020,60,"Private hire car","Default"
"BEV",2020,161,"Private hire car","Default"
"ICEV-G",2021,70356,"Private hire car","Default"
"ICEV-D",2021,2326,"Private hire car","Default"
"HEV-G",2021,5407,"Private hire car","Default"
"CNG",2021,26,"Private hire car","Default"
"PHEV",2021,63,"Private hire car","Default"
"BEV",2021,191,"Private hire car","Default"
"ICEV-G",2022,70458,"Private hire car","Default"
"ICEV-D",2022,2351,"Private hire car","Default"
"HEV-G",2022,5877,"Private hire car","Default"
"CNG",2022,24,"Private hire car","Default"
"PHEV",2022,64,"Private hire car","Default"
"BEV",2022,218,"Private hire car","Default"
"ICEV-G",2023,70765,"Private hire car","Default"
"ICEV-D",2023,2356,"Private hire car","Default"
"HEV-G",2023,6172,"Private hire car","Default"
"CNG",2023,21,"Private hire car","Default"
"PHEV",2023,62,"Private hire car","Default"
"BEV",2023,236,"Private hire car","Default"
"ICEV-G",2024,71063,"Private hire car","Default"
"ICEV-D",2024,2373,"Private hire car","Default"
"HEV-G",2024,6448,"Private hire car","Default"
"CNG",2024,18,"Private hire car","Default"
"PHEV",2024,60,"Private hire car","Default"
"BEV",2024,253,"Private hire car","Default"
"ICEV-G",2025,70925,"Private hire car","Default"
"ICEV-D",2025,2443,"Private hire car","Default"
"HEV-G",2025,7060,"Private hire car","Default"
"CNG",2025,14,"Private hire car","Default"
"PHEV",2025,62,"Private hire car","Default"
"BEV",2025,284,"Private hire car","Default"
"ICEV-G",2026,70410,"Private hire car","Default"
"ICEV-D",2026,2504,"Private hire car","Default"
"HEV-G",2026,8006,"Private hire car","Default"
"CNG",2026,9,"Private hire car","Default"
"PHEV",2026,68,"Private hire car","Default"
"BEV",2026,334,"Private hire car","Default"
"ICEV-G",2027,70399,"Private hire car","Default"
"ICEV-D",2027,2447,"Private hire car","Default"
"HEV-G",2027,8551,"Private hire car","Default"
"CNG",2027,9,"Private hire car","Default"
"PHEV",2027,71,"Private hire car","Default"
"BEV",2027,372,"Private hire car","Default"
"ICEV-G",2028,71255,"Private hire car","Default"
"ICEV-D",2028,2356,"Private hire car","Default"
"HEV-G",2028,8296,"Private hire car","Default"
"CNG",2028,8,"Private hire car","Default"
"PHEV",2028,57,"Private hire car","Default"
"BEV",2028,367,"Private hire car","Default"
"ICEV-G",2029,71388,"Private hire car","Default"
"ICEV-D",2029,2385,"Private hire car","Default"
"HEV-G",2029,8582,"Private hire car","Default"
"CNG",2029,4,"Private hire car","Default"
"PHEV",2029,59,"Private hire car","Default"
"BEV",2029,382,"Private hire car","Default"
"ICEV-G",2030,71493,"Private hire car","Default"
"ICEV-D",2030,2402,"Private hire car","Default"
"HEV-G",2030,8876,"Private hire car","Default"
"CNG",2030,2,"Private hire car","Default"
"PHEV",2030,60,"Private hire car","Default"
"BEV",2030,397,"Private hire car","Default"
"ICEV-G",2031,71675,"Private hire car","Default"
"ICEV-D",2031,2400,"Private hire car","Default"
"HEV-G",2031,9081,"Private hire car","Default"
"CNG",2031,1,"Private hire car","Default"
"PHEV",2031,59,"Private hire car","Default"
"BEV",2031,411,"Private hire car","Default"
"ICEV-G",2032,71960,"Private hire car","Default"
"ICEV-D",2032,2384,"Private hire car","Default"
"HEV-G",2032,9170,"Private hire car","Default"
"CNG",2032,1,"Private hire car","Default"
"PHEV",2032,58,"Private hire car","Default"
"BEV",2032,419,"Private hire car","Default"
"ICEV-G",2033,72327,"Private hire car","Default"
"ICEV-D",2033,2372,"Private hire car","Default"
"HEV-G",2033,9144,"Private hire car","Default"
"CNG",2033,1,"Private hire car","Default"
"PHEV",2033,56,"Private hire car","Default"
"BEV",2033,421,"Private hire car","Default"
"ICEV-G",2034,72563,"Private hire car","Default"
"ICEV-D",2034,2379,"Private hire car","Default"
"HEV-G",2034,9192,"Private hire car","Default"
"CNG",2034,1,"Private hire car","Default"
"PHEV",2034,56,"Private hire car","Default"
"BEV",2034,425,"Private hire car","Default"
"ICEV-G",2035,72764,"Private hire car","Default"
"ICEV-D",2035,2384,"Private hire car","Default"
"HEV-G",2035,9243,"Private hire car","Default"
"CNG",2035,1,"Private hire car","Default"
"PHEV",2035,56,"Private hire car","Default"
"BEV",2035,430,"Private hire car","Default"
"ICEV-G",2036,72897,"Private hire car","Default"
"ICEV-D",2036,2396,"Private hire car","Default"
"HEV-G",2036,9319,"Private hire car","Default"
"CNG",2036,1,"Private hire car","Default"
"PHEV",2036,55,"Private hire car","Default"
"BEV",2036,434,"Private hire car","Default"
"ICEV-G",2037,72981,"Private hire car","Default"
"ICEV-D",2037,2404,"Private hire car","Default"
"HEV-G",2037,9414,"Private hire car","Default"
"CNG",2037,0,"Private hire car","Default"
"PHEV",2037,55,"Private hire car","Default"
"BEV",2037,439,"Private hire car","Default"
"ICEV-G",2038,73078,"Private hire car","Default"
"ICEV-D",2038,2402,"Private hire car","Default"
"HEV-G",2038,9467,"Private hire car","Default"
"CNG",2038,0,"Private hire car","Default"
"PHEV",2038,56,"Private hire car","Default"
"BEV",2038,444,"Private hire car","Default"
"ICEV-G",2039,73245,"Private hire car","Default"
"ICEV-D",2039,2394,"Private hire car","Default"
"HEV-G",2039,9436,"Private hire car","Default"
"CNG",2039,0,"Private hire car","Default"
"PHEV",2039,53,"Private hire car","Default"
"BEV",2039,443,"Private hire car","Default"
"ICEV-G",2040,73322,"Private hire car","Default"
"ICEV-D",2040,2397,"Private hire car","Default"
"HEV-G",2040,9447,"Private hire car","Default"
"CNG",2040,0,"Private hire car","Default"
"PHEV",2040,53,"Private hire car","Default"
"BEV",2040,443,"Private hire car","Default"
"ICEV-G",2041,73370,"Private hire car","Default"
"ICEV-D",2041,2400,"Private hire car","Default"
"HEV-G",2041,9456,"Private hire car","Default"
"CNG",2041,0,"Private hire car","Default"
"PHEV",2041,53,"Private hire car","Default"
"BEV",2041,444,"Private hire car","Default"
"ICEV-G",2042,73397,"Private hire car","Default"
"ICEV-D",2042,2400,"Private hire car","Default"
"HEV-G",2042,9458,"Private hire car","Default"
"CNG",2042,0,"Private hire car","Default"
"PHEV",2042,53,"Private hire car","Default"
"BEV",2042,444,"Private hire car","Default"
"ICEV-G",2043,73397,"Private hire car","Default"
"ICEV-D",2043,2401,"Private hire car","Default"
"HEV-G",2043,9458,"Private hire car","Default"
"CNG",2043,0,"Private hire car","Default"
"PHEV",2043,53,"Private hire car","Default"
"BEV",2043,445,"Private hire car","Default"
"ICEV-G",2044,73380,"Private hire car","Default"
"ICEV-D",2044,2399,"Private hire car","Default"
"HEV-G",2044,9453,"Private hire car","Default"
"CNG",2044,0,"Private hire car","Default"
"PHEV",2044,53,"Private hire car","Default"
"BEV",2044,446,"Private hire car","Default"
"ICEV-G",2045,73340,"Private hire car","Default"
"ICEV-D",2045,2398,"Private hire car","Default"
"HEV-G",2045,9449,"Private hire car","Default"
"CNG",2045,0,"Private hire car","Default"
"PHEV",2045,53,"Private hire car","Default"
"BEV",2045,445,"Private hire car","Default"
"ICEV-G",2046,73278,"Private hire car","Default"
"ICEV-D",2046,2398,"Private hire car","Default"
"HEV-G",2046,9443,"Private hire car","Default"
"CNG",2046,0,"Private hire car","Default"
"PHEV",2046,53,"Private hire car","Default"
"BEV",2046,445,"Private hire car","Default"
"ICEV-G",2047,73203,"Private hire car","Default"
"ICEV-D",2047,2395,"Private hire car","Default"
"HEV-G",2047,9434,"Private hire car","Default"
"CNG",2047,0,"Private hire car","Default"
"PHEV",2047,53,"Private hire car","Default"
"BEV",2047,442,"Private hire car","Default"
"ICEV-G",2048,73113,"Private hire car","Default"
"ICEV-D",2048,2391,"Private hire car","Default"
"HEV-G",2048,9422,"Private hire car","Default"
"CNG",2048,0,"Private hire car","Default"
"PHEV",2048,54,"Private hire car","Default"
"BEV",2048,440,"Private hire car","Default"
"ICEV-G",2049,73004,"Private hire car","Default"
"ICEV-D",2049,2389,"Private hire car","Default"
"HEV-G",2049,9409,"Private hire car","Default"
"CNG",2049,0,"Private hire car","Default"
"PHEV",2049,54,"Private hire car","Default"
"BEV",2049,441,"Private hire car","Default"
"ICEV-G",2050,72886,"Private hire car","Default"
"ICEV-D",2050,2383,"Private hire car","Default"
"HEV-G",2050,9394,"Private hire car","Default"
"CNG",2050,0,"Private hire car","Default"
"PHEV",2050,54,"Private hire car","Default"
"BEV",2050,441,"Private hire car","Default"
"ICEV-G",2005,1,"Taxi","Default"
"ICEV-D",2005,22282,"Taxi","Default"
"HEV-G",2005,0,"Taxi","Default"
"CNG",2005,100,"Taxi","Default"
"PHEV",2005,0,"Taxi","Default"
"BEV",2005,0,"Taxi","Default"
"ICEV-G",2006,1,"Taxi","Default"
"ICEV-D",2006,23042,"Taxi","Default"
"HEV-G",2006,0,"Taxi","Default"
"CNG",2006,104,"Taxi","Default"
"PHEV",2006,0,"Taxi","Default"
"BEV",2006,0,"Taxi","Default"
"ICEV-G",2007,1,"Taxi","Default"
"ICEV-D",2007,23538,"Taxi","Default"
"HEV-G",2007,0,"Taxi","Default"
"CNG",2007,203,"Taxi","Default"
"PHEV",2007,0,"Taxi","Default"
"BEV",2007,0,"Taxi","Default"
"ICEV-G",2008,7,"Taxi","Default"
"ICEV-D",2008,22289,"Taxi","Default"
"HEV-G",2008,0,"Taxi","Default"
"CNG",2008,702,"Taxi","Default"
"PHEV",2008,0,"Taxi","Default"
"BEV",2008,0,"Taxi","Default"
"ICEV-G",2009,140,"Taxi","Default"
"ICEV-D",2009,22521,"Taxi","Default"
"HEV-G",2009,4,"Taxi","Default"
"CNG",2009,1776,"Taxi","Default"
"PHEV",2009,0,"Taxi","Default"
"BEV",2009,0,"Taxi","Default"
"ICEV-G",2010,230,"Taxi","Default"
"ICEV-D",2010,23212,"Taxi","Default"
"HEV-G",2010,45,"Taxi","Default"
"CNG",2010,2599,"Taxi","Default"
"PHEV",2010,0,"Taxi","Default"
"BEV",2010,0,"Taxi","Default"
"ICEV-G",2011,279,"Taxi","Default"
"ICEV-D",2011,23878,"Taxi","Default"
"HEV-G",2011,56,"Taxi","Default"
"CNG",2011,2837,"Taxi","Default"
"PHEV",2011,0,"Taxi","Default"
"BEV",2011,0,"Taxi","Default"
"ICEV-G",2012,459,"Taxi","Default"
"ICEV-D",2012,25018,"Taxi","Default"
"HEV-G",2012,127,"Taxi","Default"
"CNG",2012,2608,"Taxi","Default"
"PHEV",2012,0,"Taxi","Default"
"BEV",2012,0,"Taxi","Default"
"ICEV-G",2013,590,"Taxi","Default"
"ICEV-D",2013,24142,"Taxi","Default"
"HEV-G",2013,662,"Taxi","Default"
"CNG",2013,2299,"Taxi","Default"
"PHEV",2013,0,"Taxi","Default"
"BEV",2013,0,"Taxi","Default"
"ICEV-G",2014,543,"Taxi","Default"
"ICEV-D",2014,24492,"Taxi","Default"
"HEV-G",2014,1608,"Taxi","Default"
"CNG",2014,2092,"Taxi","Default"
"PHEV",2014,0,"Taxi","Default"
"BEV",2014,0,"Taxi","Default"
"ICEV-G",2015,465,"Taxi","Default"
"ICEV-D",2015,24244,"Taxi","Default"
"HEV-G",2015,1890,"Taxi","Default"
"CNG",2015,1659,"Taxi","Default"
"PHEV",2015,0,"Taxi","Default"
"BEV",2015,0,"Taxi","Default"
"ICEV-G",2016,260,"Taxi","Default"
"ICEV-D",2016,23748,"Taxi","Default"
"HEV-G",2016,2492,"Taxi","Default"
"CNG",2016,1036,"Taxi","Default"
"PHEV",2016,0,"Taxi","Default"
"BEV",2016,0,"Taxi","Default"
"ICEV-G",2017,129,"Taxi","Default"
"ICEV-D",2017,18850,"Taxi","Default"
"HEV-G",2017,4159,"Taxi","Default"
"CNG",2017,0,"Taxi","Default"
"PHEV",2017,0,"Taxi","Default"
"BEV",2017,0,"Taxi","Default"
"ICEV-G",2018,53,"Taxi","Default"
"ICEV-D",2018,15090,"Taxi","Default"
"HEV-G",2018,5330,"Taxi","Default"
"CNG",2018,0,"Taxi","Default"
"PHEV",2018,0,"Taxi","Default"
"BEV",2018,101,"Taxi","Default"
"ICEV-G",2019,24,"Taxi","Default"
"ICEV-D",2019,9761,"Taxi","Default"
"HEV-G",2019,8627,"Taxi","Default"
"CNG",2019,0,"Taxi","Default"
"PHEV",2019,0,"Taxi","Default"
"BEV",2019,133,"Taxi","Default"
"ICEV-G",2020,23,"Taxi","Default"
"ICEV-D",2020,8395,"Taxi","Default"
"HEV-G",2020,10124,"Taxi","Default"
"CNG",2020,0,"Taxi","Default"
"PHEV",2020,0,"Taxi","Default"
"BEV",2020,147,"Taxi","Default"
"ICEV-G",2021,21,"Taxi","Default"
"ICEV-D",2021,7057,"Taxi","Default"
"HEV-G",2021,11599,"Taxi","Default"
"CNG",2021,0,"Taxi","Default"
"PHEV",2021,0,"Taxi","Default"
"BEV",2021,160,"Taxi","Default"
"ICEV-G",2022,14,"Taxi","Default"
"ICEV-D",2022,5933,"Taxi","Default"
"HEV-G",2022,12870,"Taxi","Default"
"CNG",2022,0,"Taxi","Default"
"PHEV",2022,0,"Taxi","Default"
"BEV",2022,170,"Taxi","Default"
"ICEV-G",2023,11,"Taxi","Default"
"ICEV-D",2023,4987,"Taxi","Default"
"HEV-G",2023,13963,"Taxi","Default"
"CNG",2023,0,"Taxi","Default"
"PHEV",2023,0,"Taxi","Default"
"BEV",2023,175,"Taxi","Default"
"ICEV-G",2024,10,"Taxi","Default"
"ICEV-D",2024,4039,"Taxi","Default"
"HEV-G",2024,15049,"Taxi","Default"
"CNG",2024,0,"Taxi","Default"
"PHEV",2024,0,"Taxi","Default"
"BEV",2024,183,"Taxi","Default"
"ICEV-G",2025,8,"Taxi","Default"
"ICEV-D",2025,2941,"Taxi","Default"
"HEV-G",2025,16277,"Taxi","Default"
"CNG",2025,0,"Taxi","Default"
"PHEV",2025,0,"Taxi","Default"
"BEV",2025,193,"Taxi","Default"
"ICEV-G",2026,5,"Taxi","Default"
"ICEV-D",2026,2019,"Taxi","Default"
"HEV-G",2026,17320,"Taxi","Default"
"CNG",2026,0,"Taxi","Default"
"PHEV",2026,0,"Taxi","Default"
"BEV",2026,205,"Taxi","Default"
"ICEV-G",2027,2,"Taxi","Default"
"ICEV-D",2027,1622,"Taxi","Default"
"HEV-G",2027,17835,"Taxi","Default"
"CNG",2027,0,"Taxi","Default"
"PHEV",2027,0,"Taxi","Default"
"BEV",2027,214,"Taxi","Default"
"ICEV-G",2028,1,"Taxi","Default"
"ICEV-D",2028,1249,"Taxi","Default"
"HEV-G",2028,18352,"Taxi","Default"
"CNG",2028,0,"Taxi","Default"
"PHEV",2028,0,"Taxi","Default"
"BEV",2028,189,"Taxi","Default"
"ICEV-G",2029,1,"Taxi","Default"
"ICEV-D",2029,912,"Taxi","Default"
"HEV-G",2029,18795,"Taxi","Default"
"CNG",2029,0,"Taxi","Default"
"PHEV",2029,0,"Taxi","Default"
"BEV",2029,194,"Taxi","Default"
"ICEV-G",2030,1,"Taxi","Default"
"ICEV-D",2030,613,"Taxi","Default"
"HEV-G",2030,19194,"Taxi","Default"
"CNG",2030,0,"Taxi","Default"
"PHEV",2030,0,"Taxi","Default"
"BEV",2030,197,"Taxi","Default"
"ICEV-G",2031,1,"Taxi","Default"
"ICEV-D",2031,413,"Taxi","Default"
"HEV-G",2031,19490,"Taxi","Default"
"CNG",2031,0,"Taxi","Default"
"PHEV",2031,0,"Taxi","Default"
"BEV",2031,197,"Taxi","Default"
"ICEV-G",2032,1,"Taxi","Default"
"ICEV-D",2032,324,"Taxi","Default"
"HEV-G",2032,19667,"Taxi","Default"
"CNG",2032,0,"Taxi","Default"
"PHEV",2032,0,"Taxi","Default"
"BEV",2032,197,"Taxi","Default"
"ICEV-G",2033,0,"Taxi","Default"
"ICEV-D",2033,249,"Taxi","Default"
"HEV-G",2033,19826,"Taxi","Default"
"CNG",2033,0,"Taxi","Default"
"PHEV",2033,0,"Taxi","Default"
"BEV",2033,193,"Taxi","Default"
"ICEV-G",2034,0,"Taxi","Default"
"ICEV-D",2034,186,"Taxi","Default"
"HEV-G",2034,19958,"Taxi","Default"
"CNG",2034,0,"Taxi","Default"
"PHEV",2034,0,"Taxi","Default"
"BEV",2034,195,"Taxi","Default"
"ICEV-G",2035,0,"Taxi","Default"
"ICEV-D",2035,125,"Taxi","Default"
"HEV-G",2035,20080,"Taxi","Default"
"CNG",2035,0,"Taxi","Default"
"PHEV",2035,0,"Taxi","Default"
"BEV",2035,197,"Taxi","Default"
"ICEV-G",2036,0,"Taxi","Default"
"ICEV-D",2036,53,"Taxi","Default"
"HEV-G",2036,20204,"Taxi","Default"
"CNG",2036,0,"Taxi","Default"
"PHEV",2036,0,"Taxi","Default"
"BEV",2036,199,"Taxi","Default"
"ICEV-G",2037,0,"Taxi","Default"
"ICEV-D",2037,0,"Taxi","Default"
"HEV-G",2037,20302,"Taxi","Default"
"CNG",2037,0,"Taxi","Default"
"PHEV",2037,0,"Taxi","Default"
"BEV",2037,199,"Taxi","Default"
"ICEV-G",2038,0,"Taxi","Default"
"ICEV-D",2038,0,"Taxi","Default"
"HEV-G",2038,20338,"Taxi","Default"
"CNG",2038,0,"Taxi","Default"
"PHEV",2038,0,"Taxi","Default"
"BEV",2038,201,"Taxi","Default"
"ICEV-G",2039,0,"Taxi","Default"
"ICEV-D",2039,0,"Taxi","Default"
"HEV-G",2039,20371,"Taxi","Default"
"CNG",2039,0,"Taxi","Default"
"PHEV",2039,0,"Taxi","Default"
"BEV",2039,197,"Taxi","Default"
"ICEV-G",2040,0,"Taxi","Default"
"ICEV-D",2040,0,"Taxi","Default"
"HEV-G",2040,20394,"Taxi","Default"
"CNG",2040,0,"Taxi","Default"
"PHEV",2040,0,"Taxi","Default"
"BEV",2040,196,"Taxi","Default"
"ICEV-G",2041,0,"Taxi","Default"
"ICEV-D",2041,0,"Taxi","Default"
"HEV-G",2041,20410,"Taxi","Default"
"CNG",2041,0,"Taxi","Default"
"PHEV",2041,0,"Taxi","Default"
"BEV",2041,195,"Taxi","Default"
"ICEV-G",2042,0,"Taxi","Default"
"ICEV-D",2042,0,"Taxi","Default"
"HEV-G",2042,20417,"Taxi","Default"
"CNG",2042,0,"Taxi","Default"
"PHEV",2042,0,"Taxi","Default"
"BEV",2042,195,"Taxi","Default"
"ICEV-G",2043,0,"Taxi","Default"
"ICEV-D",2043,0,"Taxi","Default"
"HEV-G",2043,20418,"Taxi","Default"
"CNG",2043,0,"Taxi","Default"
"PHEV",2043,0,"Taxi","Default"
"BEV",2043,195,"Taxi","Default"
"ICEV-G",2044,0,"Taxi","Default"
"ICEV-D",2044,0,"Taxi","Default"
"HEV-G",2044,20411,"Taxi","Default"
"CNG",2044,0,"Taxi","Default"
"PHEV",2044,0,"Taxi","Default"
"BEV",2044,195,"Taxi","Default"
"ICEV-G",2045,0,"Taxi","Default"
"ICEV-D",2045,0,"Taxi","Default"
"HEV-G",2045,20401,"Taxi","Default"
"CNG",2045,0,"Taxi","Default"
"PHEV",2045,0,"Taxi","Default"
"BEV",2045,195,"Taxi","Default"
"ICEV-G",2046,0,"Taxi","Default"
"ICEV-D",2046,0,"Taxi","Default"
"HEV-G",2046,20385,"Taxi","Default"
"CNG",2046,0,"Taxi","Default"
"PHEV",2046,0,"Taxi","Default"
"BEV",2046,194,"Taxi","Default"
"ICEV-G",2047,0,"Taxi","Default"
"ICEV-D",2047,0,"Taxi","Default"
"HEV-G",2047,20364,"Taxi","Default"
"CNG",2047,0,"Taxi","Default"
"PHEV",2047,0,"Taxi","Default"
"BEV",2047,194,"Taxi","Default"
"ICEV-G",2048,0,"Taxi","Default"
"ICEV-D",2048,0,"Taxi","Default"
"HEV-G",2048,20338,"Taxi","Default"
"CNG",2048,0,"Taxi","Default"
"PHEV",2048,0,"Taxi","Default"
"BEV",2048,194,"Taxi","Default"
"ICEV-G",2049,0,"Taxi","Default"
"ICEV-D",2049,0,"Taxi","Default"
"HEV-G",2049,20308,"Taxi","Default"
"CNG",2049,0,"Taxi","Default"
"PHEV",2049,0,"Taxi","Default"
"BEV",2049,194,"Taxi","Default"
"ICEV-G",2050,0,"Taxi","Default"
"ICEV-D",2050,0,"Taxi","Default"
"HEV-G",2050,20275,"Taxi","Default"
"CNG",2050,0,"Taxi","Default"
"PHEV",2050,0,"Taxi","Default"
"BEV",2050,194,"Taxi","Default"
"ICEB-D",2005,5647,"Private bus","Default"
"HEB-D",2005,0,"Private bus","Default"
"CNGB",2005,0,"Private bus","Default"
"EB",2005,0,"Private bus","Default"
"ICEB-D",2006,5761,"Private bus","Default"
"HEB-D",2006,0,"Private bus","Default"
"CNGB",2006,5,"Private bus","Default"
"EB",2006,0,"Private bus","Default"
"ICEB-D",2007,5979,"Private bus","Default"
"HEB-D",2007,0,"Private bus","Default"
"CNGB",2007,5,"Private bus","Default"
"EB",2007,0,"Private bus","Default"
"ICEB-D",2008,6282,"Private bus","Default"
"HEB-D",2008,0,"Private bus","Default"
"CNGB",2008,5,"Private bus","Default"
"EB",2008,0,"Private bus","Default"
"ICEB-D",2009,6369,"Private bus","Default"
"HEB-D",2009,0,"Private bus","Default"
"CNGB",2009,12,"Private bus","Default"
"EB",2009,0,"Private bus","Default"
"ICEB-D",2010,6331,"Private bus","Default"
"HEB-D",2010,1,"Private bus","Default"
"CNGB",2010,18,"Private bus","Default"
"EB",2010,0,"Private bus","Default"
"ICEB-D",2011,6398,"Private bus","Default"
"HEB-D",2011,1,"Private bus","Default"
"CNGB",2011,8,"Private bus","Default"
"EB",2011,0,"Private bus","Default"
"ICEB-D",2012,6022,"Private bus","Default"
"HEB-D",2012,1,"Private bus","Default"
"CNGB",2012,8,"Private bus","Default"
"EB",2012,0,"Private bus","Default"
"ICEB-D",2013,5519,"Private bus","Default"
"HEB-D",2013,1,"Private bus","Default"
"CNGB",2013,6,"Private bus","Default"
"EB",2013,0,"Private bus","Default"
"ICEB-D",2014,4948,"Private bus","Default"
"HEB-D",2014,1,"Private bus","Default"
"CNGB",2014,6,"Private bus","Default"
"EB",2014,0,"Private bus","Default"
"ICEB-D",2015,4621,"Private bus","Default"
"HEB-D",2015,1,"Private bus","Default"
"CNGB",2015,3,"Private bus","Default"
"EB",2015,0,"Private bus","Default"
"ICEB-D",2016,4253,"Private bus","Default"
"HEB-D",2016,1,"Private bus","Default"
"CNGB",2016,3,"Private bus","Default"
"EB",2016,0,"Private bus","Default"
"ICEB-D",2017,3784,"Private bus","Default"
"HEB-D",2017,1,"Private bus","Default"
"CNGB",2017,3,"Private bus","Default"
"EB",2017,0,"Private bus","Default"
"ICEB-D",2018,3540,"Private bus","Default"
"HEB-D",2018,4,"Private bus","Default"
"CNGB",2018,3,"Private bus","Default"
"EB",2018,1,"Private bus","Default"
"ICEB-D",2019,3476,"Private bus","Default"
"HEB-D",2019,9,"Private bus","Default"
"CNGB",2019,0,"Private bus","Default"
"EB",2019,2,"Private bus","Default"
"ICEB-D",2020,3493,"Private bus","Default"
"HEB-D",2020,18,"Private bus","Default"
"CNGB",2020,0,"Private bus","Default"
"EB",2020,4,"Private bus","Default"
"ICEB-D",2021,3511,"Private bus","Default"
"HEB-D",2021,26,"Private bus","Default"
"CNGB",2021,0,"Private bus","Default"
"EB",2021,6,"Private bus","Default"
"ICEB-D",2022,3530,"Private bus","Default"
"HEB-D",2022,33,"Private bus","Default"
"CNGB",2022,0,"Private bus","Default"
"EB",2022,7,"Private bus","Default"
"ICEB-D",2023,3551,"Private bus","Default"
"HEB-D",2023,40,"Private bus","Default"
"CNGB",2023,0,"Private bus","Default"
"EB",2023,8,"Private bus","Default"
"ICEB-D",2024,3569,"Private bus","Default"
"HEB-D",2024,47,"Private bus","Default"
"CNGB",2024,0,"Private bus","Default"
"EB",2024,9,"Private bus","Default"
"ICEB-D",2025,3587,"Private bus","Default"
"HEB-D",2025,55,"Private bus","Default"
"CNGB",2025,0,"Private bus","Default"
"EB",2025,11,"Private bus","Default"
"ICEB-D",2026,3602,"Private bus","Default"
"HEB-D",2026,62,"Private bus","Default"
"CNGB",2026,0,"Private bus","Default"
"EB",2026,12,"Private bus","Default"
"ICEB-D",2027,3618,"Private bus","Default"
"HEB-D",2027,68,"Private bus","Default"
"CNGB",2027,0,"Private bus","Default"
"EB",2027,13,"Private bus","Default"
"ICEB-D",2028,3634,"Private bus","Default"
"HEB-D",2028,74,"Private bus","Default"
"CNGB",2028,0,"Private bus","Default"
"EB",2028,14,"Private bus","Default"
"ICEB-D",2029,3651,"Private bus","Default"
"HEB-D",2029,77,"Private bus","Default"
"CNGB",2029,0,"Private bus","Default"
"EB",2029,15,"Private bus","Default"
"ICEB-D",2030,3666,"Private bus","Default"
"HEB-D",2030,80,"Private bus","Default"
"CNGB",2030,0,"Private bus","Default"
"EB",2030,16,"Private bus","Default"
"ICEB-D",2031,3681,"Private bus","Default"
"HEB-D",2031,83,"Private bus","Default"
"CNGB",2031,0,"Private bus","Default"
"EB",2031,17,"Private bus","Default"
"ICEB-D",2032,3693,"Private bus","Default"
"HEB-D",2032,86,"Private bus","Default"
"CNGB",2032,0,"Private bus","Default"
"EB",2032,18,"Private bus","Default"
"ICEB-D",2033,3705,"Private bus","Default"
"HEB-D",2033,88,"Private bus","Default"
"CNGB",2033,0,"Private bus","Default"
"EB",2033,19,"Private bus","Default"
"ICEB-D",2034,3716,"Private bus","Default"
"HEB-D",2034,89,"Private bus","Default"
"CNGB",2034,0,"Private bus","Default"
"EB",2034,20,"Private bus","Default"
"ICEB-D",2035,3727,"Private bus","Default"
"HEB-D",2035,89,"Private bus","Default"
"CNGB",2035,0,"Private bus","Default"
"EB",2035,21,"Private bus","Default"
"ICEB-D",2036,3737,"Private bus","Default"
"HEB-D",2036,88,"Private bus","Default"
"CNGB",2036,0,"Private bus","Default"
"EB",2036,22,"Private bus","Default"
"ICEB-D",2037,3748,"Private bus","Default"
"HEB-D",2037,86,"Private bus","Default"
"CNGB",2037,0,"Private bus","Default"
"EB",2037,21,"Private bus","Default"
"ICEB-D",2038,3758,"Private bus","Default"
"HEB-D",2038,85,"Private bus","Default"
"CNGB",2038,0,"Private bus","Default"
"EB",2038,20,"Private bus","Default"
"ICEB-D",2039,3763,"Private bus","Default"
"HEB-D",2039,85,"Private bus","Default"
"CNGB",2039,0,"Private bus","Default"
"EB",2039,20,"Private bus","Default"
"ICEB-D",2040,3766,"Private bus","Default"
"HEB-D",2040,86,"Private bus","Default"
"CNGB",2040,0,"Private bus","Default"
"EB",2040,20,"Private bus","Default"
"ICEB-D",2041,3768,"Private bus","Default"
"HEB-D",2041,86,"Private bus","Default"
"CNGB",2041,0,"Private bus","Default"
"EB",2041,20,"Private bus","Default"
"ICEB-D",2042,3770,"Private bus","Default"
"HEB-D",2042,87,"Private bus","Default"
"CNGB",2042,0,"Private bus","Default"
"EB",2042,19,"Private bus","Default"
"ICEB-D",2043,3768,"Private bus","Default"
"HEB-D",2043,89,"Private bus","Default"
"CNGB",2043,0,"Private bus","Default"
"EB",2043,19,"Private bus","Default"
"ICEB-D",2044,3765,"Private bus","Default"
"HEB-D",2044,91,"Private bus","Default"
"CNGB",2044,0,"Private bus","Default"
"EB",2044,19,"Private bus","Default"
"ICEB-D",2045,3763,"Private bus","Default"
"HEB-D",2045,91,"Private bus","Default"
"CNGB",2045,0,"Private bus","Default"
"EB",2045,19,"Private bus","Default"
"ICEB-D",2046,3760,"Private bus","Default"
"HEB-D",2046,91,"Private bus","Default"
"CNGB",2046,0,"Private bus","Default"
"EB",2046,19,"Private bus","Default"
"ICEB-D",2047,3756,"Private bus","Default"
"HEB-D",2047,91,"Private bus","Default"
"CNGB",2047,0,"Private bus","Default"
"EB",2047,19,"Private bus","Default"
"ICEB-D",2048,3752,"Private bus","Default"
"HEB-D",2048,91,"Private bus","Default"
"CNGB",2048,0,"Private bus","Default"
"EB",2048,19,"Private bus","Default"
"ICEB-D",2049,3746,"Private bus","Default"
"HEB-D",2049,91,"Private bus","Default"
"CNGB",2049,0,"Private bus","Default"
"EB",2049,19,"Private bus","Default"
"ICEB-D",2050,3740,"Private bus","Default"
"HEB-D",2050,91,"Private bus","Default"
"CNGB",2050,0,"Private bus","Default"
"EB",2050,19,"Private bus","Default"
"ICEB-D",2005,3975,"School bus","Default"
"HEB-D",2005,0,"School bus","Default"
"CNGB",2005,0,"School bus","Default"
"EB",2005,0,"School bus","Default"
"ICEB-D",2006,4276,"School bus","Default"
"HEB-D",2006,0,"School bus","Default"
"CNGB",2006,4,"School bus","Default"
"EB",2006,0,"School bus","Default"
"ICEB-D",2007,4443,"School bus","Default"
"HEB-D",2007,0,"School bus","Default"
"CNGB",2007,4,"School bus","Default"
"EB",2007,0,"School bus","Default"
"ICEB-D",2008,4831,"School bus","Default"
"HEB-D",2008,0,"School bus","Default"
"CNGB",2008,4,"School bus","Default"
"EB",2008,0,"School bus","Default"
"ICEB-D",2009,5223,"School bus","Default"
"HEB-D",2009,0,"School bus","Default"
"CNGB",2009,10,"School bus","Default"
"EB",2009,0,"School bus","Default"
"ICEB-D",2010,5590,"School bus","Default"
"HEB-D",2010,1,"School bus","Default"
"CNGB",2010,15,"School bus","Default"
"EB",2010,0,"School bus","Default"
"ICEB-D",2011,6123,"School bus","Default"
"HEB-D",2011,1,"School bus","Default"
"CNGB",2011,8,"School bus","Default"
"EB",2011,0,"School bus","Default"
"ICEB-D",2012,6515,"School bus","Default"
"HEB-D",2012,1,"School bus","Default"
"CNGB",2012,9,"School bus","Default"
"EB",2012,0,"School bus","Default"
"ICEB-D",2013,6979,"School bus","Default"
"HEB-D",2013,1,"School bus","Default"
"CNGB",2013,9,"School bus","Default"
"EB",2013,0,"School bus","Default"
"ICEB-D",2014,7391,"School bus","Default"
"HEB-D",2014,1,"School bus","Default"
"CNGB",2014,7,"School bus","Default"
"EB",2014,0,"School bus","Default"
"ICEB-D",2015,7986,"School bus","Default"
"HEB-D",2015,2,"School bus","Default"
"CNGB",2015,7,"School bus","Default"
"EB",2015,0,"School bus","Default"
"ICEB-D",2016,8603,"School bus","Default"
"HEB-D",2016,2,"School bus","Default"
"CNGB",2016,7,"School bus","Default"
"EB",2016,0,"School bus","Default"
"ICEB-D",2017,9352,"School bus","Default"
"HEB-D",2017,2,"School bus","Default"
"CNGB",2017,7,"School bus","Default"
"EB",2017,1,"School bus","Default"
"ICEB-D",2018,9604,"School bus","Default"
"HEB-D",2018,12,"School bus","Default"
"CNGB",2018,7,"School bus","Default"
"EB",2018,2,"School bus","Default"
"ICEB-D",2019,9945,"School bus","Default"
"HEB-D",2019,26,"School bus","Default"
"CNGB",2019,0,"School bus","Default"
"EB",2019,5,"School bus","Default"
"ICEB-D",2020,10011,"School bus","Default"
"HEB-D",2020,37,"School bus","Default"
"CNGB",2020,0,"School bus","Default"
"EB",2020,7,"School bus","Default"
"ICEB-D",2021,10078,"School bus","Default"
"HEB-D",2021,47,"School bus","Default"
"CNGB",2021,0,"School bus","Default"
"EB",2021,9,"School bus","Default"
"ICEB-D",2022,10146,"School bus","Default"
"HEB-D",2022,58,"School bus","Default"
"CNGB",2022,0,"School bus","Default"
"EB",2022,11,"School bus","Default"
"ICEB-D",2023,10211,"School bus","Default"
"HEB-D",2023,71,"School bus","Default"
"CNGB",2023,0,"School bus","Default"
"EB",2023,14,"School bus","Default"
"ICEB-D",2024,10272,"School bus","Default"
"HEB-D",2024,84,"School bus","Default"
"CNGB",2024,0,"School bus","Default"
"EB",2024,17,"School bus","Default"
"ICEB-D",2025,10328,"School bus","Default"
"HEB-D",2025,100,"School bus","Default"
"CNGB",2025,0,"School bus","Default"
"EB",2025,20,"School bus","Default"
"ICEB-D",2026,10378,"School bus","Default"
"HEB-D",2026,117,"School bus","Default"
"CNGB",2026,0,"School bus","Default"
"EB",2026,24,"School bus","Default"
"ICEB-D",2027,10422,"School bus","Default"
"HEB-D",2027,135,"School bus","Default"
"CNGB",2027,0,"School bus","Default"
"EB",2027,28,"School bus","Default"
"ICEB-D",2028,10464,"School bus","Default"
"HEB-D",2028,152,"School bus","Default"
"CNGB",2028,0,"School bus","Default"
"EB",2028,32,"School bus","Default"
"ICEB-D",2029,10503,"School bus","Default"
"HEB-D",2029,168,"School bus","Default"
"CNGB",2029,0,"School bus","Default"
"EB",2029,36,"School bus","Default"
"ICEB-D",2030,10538,"School bus","Default"
"HEB-D",2030,186,"School bus","Default"
"CNGB",2030,0,"School bus","Default"
"EB",2030,40,"School bus","Default"
"ICEB-D",2031,10569,"School bus","Default"
"HEB-D",2031,202,"School bus","Default"
"CNGB",2031,0,"School bus","Default"
"EB",2031,44,"School bus","Default"
"ICEB-D",2032,10597,"School bus","Default"
"HEB-D",2032,217,"School bus","Default"
"CNGB",2032,0,"School bus","Default"
"EB",2032,48,"School bus","Default"
"ICEB-D",2033,10621,"School bus","Default"
"HEB-D",2033,232,"School bus","Default"
"CNGB",2033,0,"School bus","Default"
"EB",2033,52,"School bus","Default"
"ICEB-D",2034,10643,"School bus","Default"
"HEB-D",2034,244,"School bus","Default"
"CNGB",2034,0,"School bus","Default"
"EB",2034,56,"School bus","Default"
"ICEB-D",2035,10666,"School bus","Default"
"HEB-D",2035,251,"School bus","Default"
"CNGB",2035,0,"School bus","Default"
"EB",2035,60,"School bus","Default"
"ICEB-D",2036,10689,"School bus","Default"
"HEB-D",2036,255,"School bus","Default"
"CNGB",2036,0,"School bus","Default"
"EB",2036,62,"School bus","Default"
"ICEB-D",2037,10711,"School bus","Default"
"HEB-D",2037,258,"School bus","Default"
"CNGB",2037,0,"School bus","Default"
"EB",2037,62,"School bus","Default"
"ICEB-D",2038,10730,"School bus","Default"
"HEB-D",2038,257,"School bus","Default"
"CNGB",2038,0,"School bus","Default"
"EB",2038,63,"School bus","Default"
"ICEB-D",2039,10744,"School bus","Default"
"HEB-D",2039,258,"School bus","Default"
"CNGB",2039,0,"School bus","Default"
"EB",2039,64,"School bus","Default"
"ICEB-D",2040,10754,"School bus","Default"
"HEB-D",2040,259,"School bus","Default"
"CNGB",2040,0,"School bus","Default"
"EB",2040,65,"School bus","Default"
"ICEB-D",2041,10760,"School bus","Default"
"HEB-D",2041,260,"School bus","Default"
"CNGB",2041,0,"School bus","Default"
"EB",2041,65,"School bus","Default"
"ICEB-D",2042,10764,"School bus","Default"
"HEB-D",2042,261,"School bus","Default"
"CNGB",2042,0,"School bus","Default"
"EB",2042,64,"School bus","Default"
"ICEB-D",2043,10766,"School bus","Default"
"HEB-D",2043,261,"School bus","Default"
"CNGB",2043,0,"School bus","Default"
"EB",2043,64,"School bus","Default"
"ICEB-D",2044,10764,"School bus","Default"
"HEB-D",2044,259,"School bus","Default"
"CNGB",2044,0,"School bus","Default"
"EB",2044,64,"School bus","Default"
"ICEB-D",2045,10759,"School bus","Default"
"HEB-D",2045,258,"School bus","Default"
"CNGB",2045,0,"School bus","Default"
"EB",2045,64,"School bus","Default"
"ICEB-D",2046,10751,"School bus","Default"
"HEB-D",2046,258,"School bus","Default"
"CNGB",2046,0,"School bus","Default"
"EB",2046,64,"School bus","Default"
"ICEB-D",2047,10739,"School bus","Default"
"HEB-D",2047,257,"School bus","Default"
"CNGB",2047,0,"School bus","Default"
"EB",2047,64,"School bus","Default"
"ICEB-D",2048,10726,"School bus","Default"
"HEB-D",2048,257,"School bus","Default"
"CNGB",2048,0,"School bus","Default"
"EB",2048,64,"School bus","Default"
"ICEB-D",2049,10709,"School bus","Default"
"HEB-D",2049,258,"School bus","Default"
"CNGB",2049,0,"School bus","Default"
"EB",2049,64,"School bus","Default"
"ICEB-D",2050,10691,"School bus","Default"
"HEB-D",2050,258,"School bus","Default"
"CNGB",2050,0,"School bus","Default"
"EB",2050,64,"School bus","Default"
"ICEB-D",2005,3874,"Public bus","Default"
"HEB-D",2005,0,"Public bus","Default"
"CNGB",2005,0,"Public bus","Default"
"EB",2005,0,"Public bus","Default"
"ICEB-D",2006,4070,"Public bus","Default"
"HEB-D",2006,0,"Public bus","Default"
"CNGB",2006,4,"Public bus","Default"
"EB",2006,0,"Public bus","Default"
"ICEB-D",2007,4096,"Public bus","Default"
"HEB-D",2007,0,"Public bus","Default"
"CNGB",2007,3,"Public bus","Default"
"EB",2007,0,"Public bus","Default"
"ICEB-D",2008,4202,"Public bus","Default"
"HEB-D",2008,0,"Public bus","Default"
"CNGB",2008,3,"Public bus","Default"
"EB",2008,0,"Public bus","Default"
"ICEB-D",2009,4401,"Public bus","Default"
"HEB-D",2009,0,"Public bus","Default"
"CNGB",2009,8,"Public bus","Default"
"EB",2009,0,"Public bus","Default"
"ICEB-D",2010,4341,"Public bus","Default"
"HEB-D",2010,1,"Public bus","Default"
"CNGB",2010,12,"Public bus","Default"
"EB",2010,0,"Public bus","Default"
"ICEB-D",2011,4499,"Public bus","Default"
"HEB-D",2011,1,"Public bus","Default"
"CNGB",2011,6,"Public bus","Default"
"EB",2011,0,"Public bus","Default"
"ICEB-D",2012,4599,"Public bus","Default"
"HEB-D",2012,1,"Public bus","Default"
"CNGB",2012,6,"Public bus","Default"
"EB",2012,0,"Public bus","Default"
"ICEB-D",2013,4989,"Public bus","Default"
"HEB-D",2013,1,"Public bus","Default"
"CNGB",2013,6,"Public bus","Default"
"EB",2013,0,"Public bus","Default"
"ICEB-D",2014,5195,"Public bus","Default"
"HEB-D",2014,1,"Public bus","Default"
"CNGB",2014,6,"Public bus","Default"
"EB",2014,0,"Public bus","Default"
"ICEB-D",2015,5557,"Public bus","Default"
"HEB-D",2015,1,"Public bus","Default"
"CNGB",2015,4,"Public bus","Default"
"EB",2015,0,"Public bus","Default"
"ICEB-D",2016,5930,"Public bus","Default"
"HEB-D",2016,1,"Public bus","Default"
"CNGB",2016,5,"Public bus","Default"
"EB",2016,0,"Public bus","Default"
"ICEB-D",2017,6130,"Public bus","Default"
"HEB-D",2017,1,"Public bus","Default"
"CNGB",2017,5,"Public bus","Default"
"EB",2017,1,"Public bus","Default"
"ICEB-D",2018,6195,"Public bus","Default"
"HEB-D",2018,8,"Public bus","Default"
"CNGB",2018,5,"Public bus","Default"
"EB",2018,1,"Public bus","Default"
"ICEB-D",2019,6179,"Public bus","Default"
"HEB-D",2019,16,"Public bus","Default"
"CNGB",2019,0,"Public bus","Default"
"EB",2019,3,"Public bus","Default"
"ICEB-D",2020,5891,"Public bus","Default"
"HEB-D",2020,16,"Public bus","Default"
"CNGB",2020,0,"Public bus","Default"
"EB",2020,3,"Public bus","Default"
"ICEB-D",2021,5922,"Public bus","Default"
"HEB-D",2021,28,"Public bus","Default"
"CNGB",2021,0,"Public bus","Default"
"EB",2021,6,"Public bus","Default"
"ICEB-D",2022,5954,"Public bus","Default"
"HEB-D",2022,41,"Public bus","Default"
"CNGB",2022,0,"Public bus","Default"
"EB",2022,9,"Public bus","Default"
"ICEB-D",2023,5982,"Public bus","Default"
"HEB-D",2023,56,"Public bus","Default"
"CNGB",2023,0,"Public bus","Default"
"EB",2023,13,"Public bus","Default"
"ICEB-D",2024,6009,"Public bus","Default"
"HEB-D",2024,71,"Public bus","Default"
"CNGB",2024,0,"Public bus","Default"
"EB",2024,17,"Public bus","Default"
"ICEB-D",2025,6031,"Public bus","Default"
"HEB-D",2025,88,"Public bus","Default"
"CNGB",2025,0,"Public bus","Default"
"EB",2025,21,"Public bus","Default"
"ICEB-D",2026,6050,"Public bus","Default"
"HEB-D",2026,106,"Public bus","Default"
"CNGB",2026,0,"Public bus","Default"
"EB",2026,26,"Public bus","Default"
"ICEB-D",2027,6066,"Public bus","Default"
"HEB-D",2027,124,"Public bus","Default"
"CNGB",2027,0,"Public bus","Default"
"EB",2027,30,"Public bus","Default"
"ICEB-D",2028,6081,"Public bus","Default"
"HEB-D",2028,142,"Public bus","Default"
"CNGB",2028,0,"Public bus","Default"
"EB",2028,35,"Public bus","Default"
"ICEB-D",2029,6095,"Public bus","Default"
"HEB-D",2029,158,"Public bus","Default"
"CNGB",2029,0,"Public bus","Default"
"EB",2029,40,"Public bus","Default"
"ICEB-D",2030,6103,"Public bus","Default"
"HEB-D",2030,178,"Public bus","Default"
"CNGB",2030,0,"Public bus","Default"
"EB",2030,45,"Public bus","Default"
"ICEB-D",2031,6108,"Public bus","Default"
"HEB-D",2031,198,"Public bus","Default"
"CNGB",2031,0,"Public bus","Default"
"EB",2031,50,"Public bus","Default"
"ICEB-D",2032,6112,"Public bus","Default"
"HEB-D",2032,216,"Public bus","Default"
"CNGB",2032,0,"Public bus","Default"
"EB",2032,55,"Public bus","Default"
"ICEB-D",2033,6117,"Public bus","Default"
"HEB-D",2033,232,"Public bus","Default"
"CNGB",2033,0,"Public bus","Default"
"EB",2033,60,"Public bus","Default"
"ICEB-D",2034,6122,"Public bus","Default"
"HEB-D",2034,244,"Public bus","Default"
"CNGB",2034,0,"Public bus","Default"
"EB",2034,65,"Public bus","Default"
"ICEB-D",2035,6129,"Public bus","Default"
"HEB-D",2035,253,"Public bus","Default"
"CNGB",2035,0,"Public bus","Default"
"EB",2035,69,"Public bus","Default"
"ICEB-D",2036,6139,"Public bus","Default"
"HEB-D",2036,259,"Public bus","Default"
"CNGB",2036,0,"Public bus","Default"
"EB",2036,70,"Public bus","Default"
"ICEB-D",2037,6148,"Public bus","Default"
"HEB-D",2037,262,"Public bus","Default"
"CNGB",2037,0,"Public bus","Default"
"EB",2037,73,"Public bus","Default"
"ICEB-D",2038,6157,"Public bus","Default"
"HEB-D",2038,264,"Public bus","Default"
"CNGB",2038,0,"Public bus","Default"
"EB",2038,73,"Public bus","Default"
"ICEB-D",2039,6166,"Public bus","Default"
"HEB-D",2039,265,"Public bus","Default"
"CNGB",2039,0,"Public bus","Default"
"EB",2039,72,"Public bus","Default"
"ICEB-D",2040,6173,"Public bus","Default"
"HEB-D",2040,266,"Public bus","Default"
"CNGB",2040,0,"Public bus","Default"
"EB",2040,71,"Public bus","Default"
"ICEB-D",2041,6179,"Public bus","Default"
"HEB-D",2041,266,"Public bus","Default"
"CNGB",2041,0,"Public bus","Default"
"EB",2041,70,"Public bus","Default"
"ICEB-D",2042,6183,"Public bus","Default"
"HEB-D",2042,265,"Public bus","Default"
"CNGB",2042,0,"Public bus","Default"
"EB",2042,69,"Public bus","Default"
"ICEB-D",2043,6185,"Public bus","Default"
"HEB-D",2043,264,"Public bus","Default"
"CNGB",2043,0,"Public bus","Default"
"EB",2043,69,"Public bus","Default"
"ICEB-D",2044,6185,"Public bus","Default"
"HEB-D",2044,262,"Public bus","Default"
"CNGB",2044,0,"Public bus","Default"
"EB",2044,69,"Public bus","Default"
"ICEB-D",2045,6180,"Public bus","Default"
"HEB-D",2045,262,"Public bus","Default"
"CNGB",2045,0,"Public bus","Default"
"EB",2045,70,"Public bus","Default"
"ICEB-D",2046,6175,"Public bus","Default"
"HEB-D",2046,261,"Public bus","Default"
"CNGB",2046,0,"Public bus","Default"
"EB",2046,71,"Public bus","Default"
"ICEB-D",2047,6168,"Public bus","Default"
"HEB-D",2047,261,"Public bus","Default"
"CNGB",2047,0,"Public bus","Default"
"EB",2047,72,"Public bus","Default"
"ICEB-D",2048,6158,"Public bus","Default"
"HEB-D",2048,261,"Public bus","Default"
"CNGB",2048,0,"Public bus","Default"
"EB",2048,73,"Public bus","Default"
"ICEB-D",2049,6146,"Public bus","Default"
"HEB-D",2049,263,"Public bus","Default"
"CNGB",2049,0,"Public bus","Default"
"EB",2049,73,"Public bus","Default"
"ICEB-D",2050,6135,"Public bus","Default"
"HEB-D",2050,264,"Public bus","Default"
"CNGB",2050,0,"Public bus","Default"
"EB",2050,73,"Public bus","Default"
"ICEM-G",2005,138587,"Motorcycle","Default"
"EM",2005,1,"Motorcycle","Default"
"ICEM-G",2006,141880,"Motorcycle","Default"
"EM",2006,1,"Motorcycle","Default"
"ICEM-G",2007,143482,"Motorcycle","Default"
"EM",2007,0,"Motorcycle","Default"
"ICEM-G",2008,145288,"Motorcycle","Default"
"EM",2008,0,"Motorcycle","Default"
"ICEM-G",2009,146333,"Motorcycle","Default"
"EM",2009,4,"Motorcycle","Default"
"ICEM-G",2010,147275,"Motorcycle","Default"
"EM",2010,7,"Motorcycle","Default"
"ICEM-G",2011,145672,"Motorcycle","Default"
"EM",2011,8,"Motorcycle","Default"
"ICEM-G",2012,143278,"Motorcycle","Default"
"EM",2012,8,"Motorcycle","Default"
"ICEM-G",2013,144301,"Motorcycle","Default"
"EM",2013,6,"Motorcycle","Default"
"ICEM-G",2014,144400,"Motorcycle","Default"
"EM",2014,4,"Motorcycle","Default"
"ICEM-G",2015,143277,"Motorcycle","Default"
"EM",2015,3,"Motorcycle","Default"
"ICEM-G",2016,142437,"Motorcycle","Default"
"EM",2016,3,"Motorcycle","Default"
"ICEM-G",2017,141302,"Motorcycle","Default"
"EM",2017,3,"Motorcycle","Default"
"ICEM-G",2018,136840,"Motorcycle","Default"
"EM",2018,3,"Motorcycle","Default"
"ICEM-G",2019,140396,"Motorcycle","Default"
"EM",2019,3,"Motorcycle","Default"
"ICEM-G",2020,141508,"Motorcycle","Default"
"EM",2020,3,"Motorcycle","Default"
"ICEM-G",2021,142629,"Motorcycle","Default"
"EM",2021,3,"Motorcycle","Default"
"ICEM-G",2022,143762,"Motorcycle","Default"
"EM",2022,3,"Motorcycle","Default"
"ICEM-G",2023,144893,"Motorcycle","Default"
"EM",2023,3,"Motorcycle","Default"
"ICEM-G",2024,145991,"Motorcycle","Default"
"EM",2024,3,"Motorcycle","Default"
"ICEM-G",2025,147033,"Motorcycle","Default"
"EM",2025,3,"Motorcycle","Default"
"ICEM-G",2026,148020,"Motorcycle","Default"
"EM",2026,3,"Motorcycle","Default"
"ICEM-G",2027,148962,"Motorcycle","Default"
"EM",2027,3,"Motorcycle","Default"
"ICEM-G",2028,149855,"Motorcycle","Default"
"EM",2028,3,"Motorcycle","Default"
"ICEM-G",2029,150694,"Motorcycle","Default"
"EM",2029,3,"Motorcycle","Default"
"ICEM-G",2030,151477,"Motorcycle","Default"
"EM",2030,2,"Motorcycle","Default"
"ICEM-G",2031,152201,"Motorcycle","Default"
"EM",2031,1,"Motorcycle","Default"
"ICEM-G",2032,152865,"Motorcycle","Default"
"EM",2032,0,"Motorcycle","Default"
"ICEM-G",2033,153467,"Motorcycle","Default"
"EM",2033,0,"Motorcycle","Default"
"ICEM-G",2034,154005,"Motorcycle","Default"
"EM",2034,0,"Motorcycle","Default"
"ICEM-G",2035,154478,"Motorcycle","Default"
"EM",2035,0,"Motorcycle","Default"
"ICEM-G",2036,154888,"Motorcycle","Default"
"EM",2036,0,"Motorcycle","Default"
"ICEM-G",2037,155234,"Motorcycle","Default"
"EM",2037,0,"Motorcycle","Default"
"ICEM-G",2038,155517,"Motorcycle","Default"
"EM",2038,0,"Motorcycle","Default"
"ICEM-G",2039,155741,"Motorcycle","Default"
"EM",2039,0,"Motorcycle","Default"
"ICEM-G",2040,155906,"Motorcycle","Default"
"EM",2040,0,"Motorcycle","Default"
"ICEM-G",2041,156016,"Motorcycle","Default"
"EM",2041,0,"Motorcycle","Default"
"ICEM-G",2042,156070,"Motorcycle","Default"
"EM",2042,0,"Motorcycle","Default"
"ICEM-G",2043,156074,"Motorcycle","Default"
"EM",2043,0,"Motorcycle","Default"
"ICEM-G",2044,156032,"Motorcycle","Default"
"EM",2044,0,"Motorcycle","Default"
"ICEM-G",2045,155947,"Motorcycle","Default"
"EM",2045,0,"Motorcycle","Default"
"ICEM-G",2046,155823,"Motorcycle","Default"
"EM",2046,0,"Motorcycle","Default"
"ICEM-G",2047,155660,"Motorcycle","Default"
"EM",2047,0,"Motorcycle","Default"
"ICEM-G",2048,155465,"Motorcycle","Default"
"EM",2048,0,"Motorcycle","Default"
"ICEM-G",2049,155240,"Motorcycle","Default"
"EM",2049,0,"Motorcycle","Default"
"ICEM-G",2050,154988,"Motorcycle","Default"
"EM",2050,0,"Motorcycle","Default"
