"Technology","Age","Value","Year"
"ICEV-G",0,108607,2005
"ICEV-D",0,6,2005
"HEV-G",0,352,2005
"HEV-D",0,0,2005
"CNG",0,199,2005
"PHEV",0,0,2005
"BEV",0,1,2005
"ICEV-G",1,96518,2005
"ICEV-D",1,0,2005
"HEV-G",1,0,2005
"HEV-D",1,0,2005
"CNG",1,0,2005
"PHEV",1,0,2005
"BEV",1,0,2005
"ICEV-G",2,78754,2005
"ICEV-D",2,0,2005
"HEV-G",2,0,2005
"HEV-D",2,0,2005
"CNG",2,0,2005
"PHEV",2,0,2005
"BEV",2,0,2005
"ICEV-G",3,46496,2005
"ICEV-D",3,0,2005
"HEV-G",3,0,2005
"HEV-D",3,0,2005
"CNG",3,0,2005
"PHEV",3,0,2005
"BEV",3,0,2005
"ICEV-G",4,34396,2005
"ICEV-D",4,0,2005
"HEV-G",4,0,2005
"HEV-D",4,0,2005
"CNG",4,0,2005
"PHEV",4,0,2005
"BEV",4,0,2005
"ICEV-G",5,10562,2005
"ICEV-D",5,0,2005
"HEV-G",5,0,2005
"HEV-D",5,0,2005
"CNG",5,0,2005
"PHEV",5,0,2005
"BEV",5,0,2005
"ICEV-G",6,6644,2005
"ICEV-D",6,0,2005
"HEV-G",6,0,2005
"HEV-D",6,0,2005
"CNG",6,0,2005
"PHEV",6,0,2005
"BEV",6,0,2005
"ICEV-G",7,8462,2005
"ICEV-D",7,0,2005
"HEV-G",7,0,2005
"HEV-D",7,0,2005
"CNG",7,0,2005
"PHEV",7,0,2005
"BEV",7,0,2005
"ICEV-G",8,2284,2005
"ICEV-D",8,0,2005
"HEV-G",8,0,2005
"HEV-D",8,0,2005
"CNG",8,0,2005
"PHEV",8,0,2005
"BEV",8,0,2005
"ICEV-G",9,3250,2005
"ICEV-D",9,0,2005
"HEV-G",9,0,2005
"HEV-D",9,0,2005
"CNG",9,0,2005
"PHEV",9,0,2005
"BEV",9,0,2005
"ICEV-G",10,644,2005
"ICEV-D",10,0,2005
"HEV-G",10,0,2005
"HEV-D",10,0,2005
"CNG",10,0,2005
"PHEV",10,0,2005
"BEV",10,0,2005
"ICEV-G",11,787,2005
"ICEV-D",11,0,2005
"HEV-G",11,0,2005
"HEV-D",11,0,2005
"CNG",11,0,2005
"PHEV",11,0,2005
"BEV",11,0,2005
"ICEV-G",12,4003,2005
"ICEV-D",12,0,2005
"HEV-G",12,0,2005
"HEV-D",12,0,2005
"CNG",12,0,2005
"PHEV",12,0,2005
"BEV",12,0,2005
"ICEV-G",13,12431,2005
"ICEV-D",13,0,2005
"HEV-G",13,0,2005
"HEV-D",13,0,2005
"CNG",13,0,2005
"PHEV",13,0,2005
"BEV",13,0,2005
"ICEV-G",14,11822,2005
"ICEV-D",14,0,2005
"HEV-G",14,0,2005
"HEV-D",14,0,2005
"CNG",14,0,2005
"PHEV",14,0,2005
"BEV",14,0,2005
"ICEV-G",15,11976,2005
"ICEV-D",15,0,2005
"HEV-G",15,0,2005
"HEV-D",15,0,2005
"CNG",15,0,2005
"PHEV",15,0,2005
"BEV",15,0,2005
"ICEV-G",0,122739,2006
"ICEV-D",0,1,2006
"HEV-G",0,27,2006
"HEV-D",0,0,2006
"CNG",0,15,2006
"PHEV",0,0,2006
"BEV",0,0,2006
"ICEV-G",1,108517,2006
"ICEV-D",1,6,2006
"HEV-G",1,352,2006
"HEV-D",1,0,2006
"CNG",1,199,2006
"PHEV",1,0,2006
"BEV",1,1,2006
"ICEV-G",2,93240,2006
"ICEV-D",2,0,2006
"HEV-G",2,0,2006
"HEV-D",2,0,2006
"CNG",2,0,2006
"PHEV",2,0,2006
"BEV",2,0,2006
"ICEV-G",3,63124,2006
"ICEV-D",3,0,2006
"HEV-G",3,0,2006
"HEV-D",3,0,2006
"CNG",3,0,2006
"PHEV",3,0,2006
"BEV",3,0,2006
"ICEV-G",4,26056,2006
"ICEV-D",4,0,2006
"HEV-G",4,0,2006
"HEV-D",4,0,2006
"CNG",4,0,2006
"PHEV",4,0,2006
"BEV",4,0,2006
"ICEV-G",5,15655,2006
"ICEV-D",5,0,2006
"HEV-G",5,0,2006
"HEV-D",5,0,2006
"CNG",5,0,2006
"PHEV",5,0,2006
"BEV",5,0,2006
"ICEV-G",6,5823,2006
"ICEV-D",6,0,2006
"HEV-G",6,0,2006
"HEV-D",6,0,2006
"CNG",6,0,2006
"PHEV",6,0,2006
"BEV",6,0,2006
"ICEV-G",7,3398,2006
"ICEV-D",7,0,2006
"HEV-G",7,0,2006
"HEV-D",7,0,2006
"CNG",7,0,2006
"PHEV",7,0,2006
"BEV",7,0,2006
"ICEV-G",8,4456,2006
"ICEV-D",8,0,2006
"HEV-G",8,0,2006
"HEV-D",8,0,2006
"CNG",8,0,2006
"PHEV",8,0,2006
"BEV",8,0,2006
"ICEV-G",9,1174,2006
"ICEV-D",9,0,2006
"HEV-G",9,0,2006
"HEV-D",9,0,2006
"CNG",9,0,2006
"PHEV",9,0,2006
"BEV",9,0,2006
"ICEV-G",10,1131,2006
"ICEV-D",10,0,2006
"HEV-G",10,0,2006
"HEV-D",10,0,2006
"CNG",10,0,2006
"PHEV",10,0,2006
"BEV",10,0,2006
"ICEV-G",11,634,2006
"ICEV-D",11,0,2006
"HEV-G",11,0,2006
"HEV-D",11,0,2006
"CNG",11,0,2006
"PHEV",11,0,2006
"BEV",11,0,2006
"ICEV-G",12,746,2006
"ICEV-D",12,0,2006
"HEV-G",12,0,2006
"HEV-D",12,0,2006
"CNG",12,0,2006
"PHEV",12,0,2006
"BEV",12,0,2006
"ICEV-G",13,3617,2006
"ICEV-D",13,0,2006
"HEV-G",13,0,2006
"HEV-D",13,0,2006
"CNG",13,0,2006
"PHEV",13,0,2006
"BEV",13,0,2006
"ICEV-G",14,10967,2006
"ICEV-D",14,0,2006
"HEV-G",14,0,2006
"HEV-D",14,0,2006
"CNG",14,0,2006
"PHEV",14,0,2006
"BEV",14,0,2006
"ICEV-G",15,10430,2006
"ICEV-D",15,0,2006
"HEV-G",15,0,2006
"HEV-D",15,0,2006
"CNG",15,0,2006
"PHEV",15,0,2006
"BEV",15,0,2006
"ICEV-G",0,112054,2007
"ICEV-D",0,0,2007
"HEV-G",0,680,2007
"HEV-D",0,0,2007
"CNG",0,35,2007
"PHEV",0,0,2007
"BEV",0,0,2007
"ICEV-G",1,122650,2007
"ICEV-D",1,1,2007
"HEV-G",1,27,2007
"HEV-D",1,0,2007
"CNG",1,15,2007
"PHEV",1,0,2007
"BEV",1,0,2007
"ICEV-G",2,108050,2007
"ICEV-D",2,3,2007
"HEV-G",2,350,2007
"HEV-D",2,0,2007
"CNG",2,198,2007
"PHEV",2,0,2007
"BEV",2,1,2007
"ICEV-G",3,81376,2007
"ICEV-D",3,0,2007
"HEV-G",3,0,2007
"HEV-D",3,0,2007
"CNG",3,0,2007
"PHEV",3,0,2007
"BEV",3,0,2007
"ICEV-G",4,42069,2007
"ICEV-D",4,0,2007
"HEV-G",4,0,2007
"HEV-D",4,0,2007
"CNG",4,0,2007
"PHEV",4,0,2007
"BEV",4,0,2007
"ICEV-G",5,12678,2007
"ICEV-D",5,0,2007
"HEV-G",5,0,2007
"HEV-D",5,0,2007
"CNG",5,0,2007
"PHEV",5,0,2007
"BEV",5,0,2007
"ICEV-G",6,10607,2007
"ICEV-D",6,0,2007
"HEV-G",6,0,2007
"HEV-D",6,0,2007
"CNG",6,0,2007
"PHEV",6,0,2007
"BEV",6,0,2007
"ICEV-G",7,3638,2007
"ICEV-D",7,0,2007
"HEV-G",7,0,2007
"HEV-D",7,0,2007
"CNG",7,0,2007
"PHEV",7,0,2007
"BEV",7,0,2007
"ICEV-G",8,2024,2007
"ICEV-D",8,0,2007
"HEV-G",8,0,2007
"HEV-D",8,0,2007
"CNG",8,0,2007
"PHEV",8,0,2007
"BEV",8,0,2007
"ICEV-G",9,2288,2007
"ICEV-D",9,0,2007
"HEV-G",9,0,2007
"HEV-D",9,0,2007
"CNG",9,0,2007
"PHEV",9,0,2007
"BEV",9,0,2007
"ICEV-G",10,502,2007
"ICEV-D",10,0,2007
"HEV-G",10,0,2007
"HEV-D",10,0,2007
"CNG",10,0,2007
"PHEV",10,0,2007
"BEV",10,0,2007
"ICEV-G",11,1125,2007
"ICEV-D",11,0,2007
"HEV-G",11,0,2007
"HEV-D",11,0,2007
"CNG",11,0,2007
"PHEV",11,0,2007
"BEV",11,0,2007
"ICEV-G",12,621,2007
"ICEV-D",12,0,2007
"HEV-G",12,0,2007
"HEV-D",12,0,2007
"CNG",12,0,2007
"PHEV",12,0,2007
"BEV",12,0,2007
"ICEV-G",13,698,2007
"ICEV-D",13,0,2007
"HEV-G",13,0,2007
"HEV-D",13,0,2007
"CNG",13,0,2007
"PHEV",13,0,2007
"BEV",13,0,2007
"ICEV-G",14,3223,2007
"ICEV-D",14,0,2007
"HEV-G",14,0,2007
"HEV-D",14,0,2007
"CNG",14,0,2007
"PHEV",14,0,2007
"BEV",14,0,2007
"ICEV-G",15,9772,2007
"ICEV-D",15,0,2007
"HEV-G",15,0,2007
"HEV-D",15,0,2007
"CNG",15,0,2007
"PHEV",15,0,2007
"BEV",15,0,2007
"ICEV-G",0,98834,2008
"ICEV-D",0,13,2008
"HEV-G",0,962,2008
"HEV-D",0,0,2008
"CNG",0,2207,2008
"PHEV",0,0,2008
"BEV",0,0,2008
"ICEV-G",1,111989,2008
"ICEV-D",1,0,2008
"HEV-G",1,680,2008
"HEV-D",1,0,2008
"CNG",1,35,2008
"PHEV",1,0,2008
"BEV",1,0,2008
"ICEV-G",2,122455,2008
"ICEV-D",2,1,2008
"HEV-G",2,27,2008
"HEV-D",2,0,2008
"CNG",2,15,2008
"PHEV",2,0,2008
"BEV",2,0,2008
"ICEV-G",3,101995,2008
"ICEV-D",3,3,2008
"HEV-G",3,330,2008
"HEV-D",3,0,2008
"CNG",3,187,2008
"PHEV",3,0,2008
"BEV",3,1,2008
"ICEV-G",4,60442,2008
"ICEV-D",4,0,2008
"HEV-G",4,0,2008
"HEV-D",4,0,2008
"CNG",4,0,2008
"PHEV",4,0,2008
"BEV",4,0,2008
"ICEV-G",5,23981,2008
"ICEV-D",5,0,2008
"HEV-G",5,0,2008
"HEV-D",5,0,2008
"CNG",5,0,2008
"PHEV",5,0,2008
"BEV",5,0,2008
"ICEV-G",6,8570,2008
"ICEV-D",6,0,2008
"HEV-G",6,0,2008
"HEV-D",6,0,2008
"CNG",6,0,2008
"PHEV",6,0,2008
"BEV",6,0,2008
"ICEV-G",7,7668,2008
"ICEV-D",7,0,2008
"HEV-G",7,0,2008
"HEV-D",7,0,2008
"CNG",7,0,2008
"PHEV",7,0,2008
"BEV",7,0,2008
"ICEV-G",8,2474,2008
"ICEV-D",8,0,2008
"HEV-G",8,0,2008
"HEV-D",8,0,2008
"CNG",8,0,2008
"PHEV",8,0,2008
"BEV",8,0,2008
"ICEV-G",9,1131,2008
"ICEV-D",9,0,2008
"HEV-G",9,0,2008
"HEV-D",9,0,2008
"CNG",9,0,2008
"PHEV",9,0,2008
"BEV",9,0,2008
"ICEV-G",10,594,2008
"ICEV-D",10,0,2008
"HEV-G",10,0,2008
"HEV-D",10,0,2008
"CNG",10,0,2008
"PHEV",10,0,2008
"BEV",10,0,2008
"ICEV-G",11,498,2008
"ICEV-D",11,0,2008
"HEV-G",11,0,2008
"HEV-D",11,0,2008
"CNG",11,0,2008
"PHEV",11,0,2008
"BEV",11,0,2008
"ICEV-G",12,1113,2008
"ICEV-D",12,0,2008
"HEV-G",12,0,2008
"HEV-D",12,0,2008
"CNG",12,0,2008
"PHEV",12,0,2008
"BEV",12,0,2008
"ICEV-G",13,604,2008
"ICEV-D",13,0,2008
"HEV-G",13,0,2008
"HEV-D",13,0,2008
"CNG",13,0,2008
"PHEV",13,0,2008
"BEV",13,0,2008
"ICEV-G",14,649,2008
"ICEV-D",14,0,2008
"HEV-G",14,0,2008
"HEV-D",14,0,2008
"CNG",14,0,2008
"PHEV",14,0,2008
"BEV",14,0,2008
"ICEV-G",15,2997,2008
"ICEV-D",15,0,2008
"HEV-G",15,0,2008
"HEV-D",15,0,2008
"CNG",15,0,2008
"PHEV",15,0,2008
"BEV",15,0,2008
"ICEV-G",0,67495,2009
"ICEV-D",0,26,2009
"HEV-G",0,668,2009
"HEV-D",0,0,2009
"CNG",0,250,2009
"PHEV",0,0,2009
"BEV",0,0,2009
"ICEV-G",1,98816,2009
"ICEV-D",1,13,2009
"HEV-G",1,962,2009
"HEV-D",1,0,2009
"CNG",1,2207,2009
"PHEV",1,0,2009
"BEV",1,0,2009
"ICEV-G",2,111822,2009
"ICEV-D",2,0,2009
"HEV-G",2,679,2009
"HEV-D",2,0,2009
"CNG",2,35,2009
"PHEV",2,0,2009
"BEV",2,0,2009
"ICEV-G",3,122005,2009
"ICEV-D",3,1,2009
"HEV-G",3,27,2009
"HEV-D",3,0,2009
"CNG",3,15,2009
"PHEV",3,0,2009
"BEV",3,0,2009
"ICEV-G",4,93131,2009
"ICEV-D",4,3,2009
"HEV-G",4,301,2009
"HEV-D",4,0,2009
"CNG",4,171,2009
"PHEV",4,0,2009
"BEV",4,1,2009
"ICEV-G",5,44002,2009
"ICEV-D",5,0,2009
"HEV-G",5,0,2009
"HEV-D",5,0,2009
"CNG",5,0,2009
"PHEV",5,0,2009
"BEV",5,0,2009
"ICEV-G",6,17511,2009
"ICEV-D",6,0,2009
"HEV-G",6,0,2009
"HEV-D",6,0,2009
"CNG",6,0,2009
"PHEV",6,0,2009
"BEV",6,0,2009
"ICEV-G",7,5936,2009
"ICEV-D",7,0,2009
"HEV-G",7,0,2009
"HEV-D",7,0,2009
"CNG",7,0,2009
"PHEV",7,0,2009
"BEV",7,0,2009
"ICEV-G",8,5465,2009
"ICEV-D",8,0,2009
"HEV-G",8,0,2009
"HEV-D",8,0,2009
"CNG",8,0,2009
"PHEV",8,0,2009
"BEV",8,0,2009
"ICEV-G",9,1574,2009
"ICEV-D",9,0,2009
"HEV-G",9,0,2009
"HEV-D",9,0,2009
"CNG",9,0,2009
"PHEV",9,0,2009
"BEV",9,0,2009
"ICEV-G",10,505,2009
"ICEV-D",10,0,2009
"HEV-G",10,0,2009
"HEV-D",10,0,2009
"CNG",10,0,2009
"PHEV",10,0,2009
"BEV",10,0,2009
"ICEV-G",11,586,2009
"ICEV-D",11,0,2009
"HEV-G",11,0,2009
"HEV-D",11,0,2009
"CNG",11,0,2009
"PHEV",11,0,2009
"BEV",11,0,2009
"ICEV-G",12,488,2009
"ICEV-D",12,0,2009
"HEV-G",12,0,2009
"HEV-D",12,0,2009
"CNG",12,0,2009
"PHEV",12,0,2009
"BEV",12,0,2009
"ICEV-G",13,1096,2009
"ICEV-D",13,0,2009
"HEV-G",13,0,2009
"HEV-D",13,0,2009
"CNG",13,0,2009
"PHEV",13,0,2009
"BEV",13,0,2009
"ICEV-G",14,577,2009
"ICEV-D",14,0,2009
"HEV-G",14,0,2009
"HEV-D",14,0,2009
"CNG",14,0,2009
"PHEV",14,0,2009
"BEV",14,0,2009
"ICEV-G",15,620,2009
"ICEV-D",15,0,2009
"HEV-G",15,0,2009
"HEV-D",15,0,2009
"CNG",15,0,2009
"PHEV",15,0,2009
"BEV",15,0,2009
"ICEV-G",0,37972,2010
"ICEV-D",0,95,2010
"HEV-G",0,687,2010
"HEV-D",0,0,2010
"CNG",0,38,2010
"PHEV",0,0,2010
"BEV",0,1,2010
"ICEV-G",1,67495,2010
"ICEV-D",1,26,2010
"HEV-G",1,668,2010
"HEV-D",1,0,2010
"CNG",1,250,2010
"PHEV",1,0,2010
"BEV",1,0,2010
"ICEV-G",2,98775,2010
"ICEV-D",2,13,2010
"HEV-G",2,962,2010
"HEV-D",2,0,2010
"CNG",2,2206,2010
"PHEV",2,0,2010
"BEV",2,0,2010
"ICEV-G",3,111439,2010
"ICEV-D",3,0,2010
"HEV-G",3,677,2010
"HEV-D",3,0,2010
"CNG",3,35,2010
"PHEV",3,0,2010
"BEV",3,0,2010
"ICEV-G",4,121521,2010
"ICEV-D",4,1,2010
"HEV-G",4,27,2010
"HEV-D",4,0,2010
"CNG",4,15,2010
"PHEV",4,0,2010
"BEV",4,0,2010
"ICEV-G",5,87984,2010
"ICEV-D",5,3,2010
"HEV-G",5,284,2010
"HEV-D",5,0,2010
"CNG",5,162,2010
"PHEV",5,0,2010
"BEV",5,1,2010
"ICEV-G",6,37564,2010
"ICEV-D",6,0,2010
"HEV-G",6,0,2010
"HEV-D",6,0,2010
"CNG",6,0,2010
"PHEV",6,0,2010
"BEV",6,0,2010
"ICEV-G",7,14014,2010
"ICEV-D",7,0,2010
"HEV-G",7,0,2010
"HEV-D",7,0,2010
"CNG",7,0,2010
"PHEV",7,0,2010
"BEV",7,0,2010
"ICEV-G",8,4713,2010
"ICEV-D",8,0,2010
"HEV-G",8,0,2010
"HEV-D",8,0,2010
"CNG",8,0,2010
"PHEV",8,0,2010
"BEV",8,0,2010
"ICEV-G",9,3790,2010
"ICEV-D",9,0,2010
"HEV-G",9,0,2010
"HEV-D",9,0,2010
"CNG",9,0,2010
"PHEV",9,0,2010
"BEV",9,0,2010
"ICEV-G",10,558,2010
"ICEV-D",10,0,2010
"HEV-G",10,0,2010
"HEV-D",10,0,2010
"CNG",10,0,2010
"PHEV",10,0,2010
"BEV",10,0,2010
"ICEV-G",11,501,2010
"ICEV-D",11,0,2010
"HEV-G",11,0,2010
"HEV-D",11,0,2010
"CNG",11,0,2010
"PHEV",11,0,2010
"BEV",11,0,2010
"ICEV-G",12,581,2010
"ICEV-D",12,0,2010
"HEV-G",12,0,2010
"HEV-D",12,0,2010
"CNG",12,0,2010
"PHEV",12,0,2010
"BEV",12,0,2010
"ICEV-G",13,475,2010
"ICEV-D",13,0,2010
"HEV-G",13,0,2010
"HEV-D",13,0,2010
"CNG",13,0,2010
"PHEV",13,0,2010
"BEV",13,0,2010
"ICEV-G",14,1082,2010
"ICEV-D",14,0,2010
"HEV-G",14,0,2010
"HEV-D",14,0,2010
"CNG",14,0,2010
"PHEV",14,0,2010
"BEV",14,0,2010
"ICEV-G",15,570,2010
"ICEV-D",15,0,2010
"HEV-G",15,0,2010
"HEV-D",15,0,2010
"CNG",15,0,2010
"PHEV",15,0,2010
"BEV",15,0,2010
"ICEV-G",0,20044,2011
"ICEV-D",0,208,2011
"HEV-G",0,485,2011
"HEV-D",0,0,2011
"CNG",0,0,2011
"PHEV",0,0,2011
"BEV",0,0,2011
"ICEV-G",1,37972,2011
"ICEV-D",1,95,2011
"HEV-G",1,687,2011
"HEV-D",1,0,2011
"CNG",1,37,2011
"PHEV",1,0,2011
"BEV",1,1,2011
"ICEV-G",2,67495,2011
"ICEV-D",2,26,2011
"HEV-G",2,668,2011
"HEV-D",2,0,2011
"CNG",2,244,2011
"PHEV",2,0,2011
"BEV",2,0,2011
"ICEV-G",3,98765,2011
"ICEV-D",3,13,2011
"HEV-G",3,962,2011
"HEV-D",3,0,2011
"CNG",3,2155,2011
"PHEV",3,0,2011
"BEV",3,0,2011
"ICEV-G",4,111298,2011
"ICEV-D",4,0,2011
"HEV-G",4,676,2011
"HEV-D",4,0,2011
"CNG",4,34,2011
"PHEV",4,0,2011
"BEV",4,0,2011
"ICEV-G",5,121260,2011
"ICEV-D",5,1,2011
"HEV-G",5,27,2011
"HEV-D",5,0,2011
"CNG",5,15,2011
"PHEV",5,0,2011
"BEV",5,0,2011
"ICEV-G",6,87106,2011
"ICEV-D",6,3,2011
"HEV-G",6,281,2011
"HEV-D",6,0,2011
"CNG",6,156,2011
"PHEV",6,0,2011
"BEV",6,1,2011
"ICEV-G",7,34178,2011
"ICEV-D",7,0,2011
"HEV-G",7,0,2011
"HEV-D",7,0,2011
"CNG",7,0,2011
"PHEV",7,0,2011
"BEV",7,0,2011
"ICEV-G",8,11710,2011
"ICEV-D",8,0,2011
"HEV-G",8,0,2011
"HEV-D",8,0,2011
"CNG",8,0,2011
"PHEV",8,0,2011
"BEV",8,0,2011
"ICEV-G",9,3376,2011
"ICEV-D",9,0,2011
"HEV-G",9,0,2011
"HEV-D",9,0,2011
"CNG",9,0,2011
"PHEV",9,0,2011
"BEV",9,0,2011
"ICEV-G",10,588,2011
"ICEV-D",10,0,2011
"HEV-G",10,0,2011
"HEV-D",10,0,2011
"CNG",10,0,2011
"PHEV",10,0,2011
"BEV",10,0,2011
"ICEV-G",11,558,2011
"ICEV-D",11,0,2011
"HEV-G",11,0,2011
"HEV-D",11,0,2011
"CNG",11,0,2011
"PHEV",11,0,2011
"BEV",11,0,2011
"ICEV-G",12,501,2011
"ICEV-D",12,0,2011
"HEV-G",12,0,2011
"HEV-D",12,0,2011
"CNG",12,0,2011
"PHEV",12,0,2011
"BEV",12,0,2011
"ICEV-G",13,575,2011
"ICEV-D",13,0,2011
"HEV-G",13,0,2011
"HEV-D",13,0,2011
"CNG",13,0,2011
"PHEV",13,0,2011
"BEV",13,0,2011
"ICEV-G",14,464,2011
"ICEV-D",14,0,2011
"HEV-G",14,0,2011
"HEV-D",14,0,2011
"CNG",14,0,2011
"PHEV",14,0,2011
"BEV",14,0,2011
"ICEV-G",15,1057,2011
"ICEV-D",15,0,2011
"HEV-G",15,0,2011
"HEV-D",15,0,2011
"CNG",15,0,2011
"PHEV",15,0,2011
"BEV",15,0,2011
"ICEV-G",0,26543,2012
"ICEV-D",0,335,2012
"HEV-G",0,904,2012
"HEV-D",0,0,2012
"CNG",0,0,2012
"PHEV",0,0,2012
"BEV",0,1,2012
"ICEV-G",1,20044,2012
"ICEV-D",1,208,2012
"HEV-G",1,485,2012
"HEV-D",1,0,2012
"CNG",1,0,2012
"PHEV",1,0,2012
"BEV",1,0,2012
"ICEV-G",2,37972,2012
"ICEV-D",2,95,2012
"HEV-G",2,687,2012
"HEV-D",2,0,2012
"CNG",2,34,2012
"PHEV",2,0,2012
"BEV",2,1,2012
"ICEV-G",3,67495,2012
"ICEV-D",3,26,2012
"HEV-G",3,668,2012
"HEV-D",3,0,2012
"CNG",3,223,2012
"PHEV",3,0,2012
"BEV",3,0,2012
"ICEV-G",4,98709,2012
"ICEV-D",4,13,2012
"HEV-G",4,961,2012
"HEV-D",4,0,2012
"CNG",4,1968,2012
"PHEV",4,0,2012
"BEV",4,0,2012
"ICEV-G",5,111104,2012
"ICEV-D",5,0,2012
"HEV-G",5,675,2012
"HEV-D",5,0,2012
"CNG",5,31,2012
"PHEV",5,0,2012
"BEV",5,0,2012
"ICEV-G",6,120967,2012
"ICEV-D",6,1,2012
"HEV-G",6,27,2012
"HEV-D",6,0,2012
"CNG",6,14,2012
"PHEV",6,0,2012
"BEV",6,0,2012
"ICEV-G",7,85865,2012
"ICEV-D",7,3,2012
"HEV-G",7,277,2012
"HEV-D",7,0,2012
"CNG",7,141,2012
"PHEV",7,0,2012
"BEV",7,1,2012
"ICEV-G",8,29983,2012
"ICEV-D",8,0,2012
"HEV-G",8,0,2012
"HEV-D",8,0,2012
"CNG",8,0,2012
"PHEV",8,0,2012
"BEV",8,0,2012
"ICEV-G",9,8089,2012
"ICEV-D",9,0,2012
"HEV-G",9,0,2012
"HEV-D",9,0,2012
"CNG",9,0,2012
"PHEV",9,0,2012
"BEV",9,0,2012
"ICEV-G",10,368,2012
"ICEV-D",10,0,2012
"HEV-G",10,0,2012
"HEV-D",10,0,2012
"CNG",10,0,2012
"PHEV",10,0,2012
"BEV",10,0,2012
"ICEV-G",11,585,2012
"ICEV-D",11,0,2012
"HEV-G",11,0,2012
"HEV-D",11,0,2012
"CNG",11,0,2012
"PHEV",11,0,2012
"BEV",11,0,2012
"ICEV-G",12,558,2012
"ICEV-D",12,0,2012
"HEV-G",12,0,2012
"HEV-D",12,0,2012
"CNG",12,0,2012
"PHEV",12,0,2012
"BEV",12,0,2012
"ICEV-G",13,500,2012
"ICEV-D",13,0,2012
"HEV-G",13,0,2012
"HEV-D",13,0,2012
"CNG",13,0,2012
"PHEV",13,0,2012
"BEV",13,0,2012
"ICEV-G",14,559,2012
"ICEV-D",14,0,2012
"HEV-G",14,0,2012
"HEV-D",14,0,2012
"CNG",14,0,2012
"PHEV",14,0,2012
"BEV",14,0,2012
"ICEV-G",15,451,2012
"ICEV-D",15,0,2012
"HEV-G",15,0,2012
"HEV-D",15,0,2012
"CNG",15,0,2012
"PHEV",15,0,2012
"BEV",15,0,2012
"ICEV-G",0,20577,2013
"ICEV-D",0,731,2013
"HEV-G",0,345,2013
"HEV-D",0,6,2013
"CNG",0,0,2013
"PHEV",0,0,2013
"BEV",0,0,2013
"ICEV-G",1,26543,2013
"ICEV-D",1,335,2013
"HEV-G",1,904,2013
"HEV-D",1,0,2013
"CNG",1,0,2013
"PHEV",1,0,2013
"BEV",1,0,2013
"ICEV-G",2,20035,2013
"ICEV-D",2,208,2013
"HEV-G",2,485,2013
"HEV-D",2,0,2013
"CNG",2,0,2013
"PHEV",2,0,2013
"BEV",2,0,2013
"ICEV-G",3,37955,2013
"ICEV-D",3,95,2013
"HEV-G",3,687,2013
"HEV-D",3,0,2013
"CNG",3,32,2013
"PHEV",3,0,2013
"BEV",3,0,2013
"ICEV-G",4,67471,2013
"ICEV-D",4,26,2013
"HEV-G",4,668,2013
"HEV-D",4,0,2013
"CNG",4,209,2013
"PHEV",4,0,2013
"BEV",4,0,2013
"ICEV-G",5,98627,2013
"ICEV-D",5,13,2013
"HEV-G",5,960,2013
"HEV-D",5,0,2013
"CNG",5,1841,2013
"PHEV",5,0,2013
"BEV",5,0,2013
"ICEV-G",6,110898,2013
"ICEV-D",6,0,2013
"HEV-G",6,674,2013
"HEV-D",6,0,2013
"CNG",6,29,2013
"PHEV",6,0,2013
"BEV",6,0,2013
"ICEV-G",7,120556,2013
"ICEV-D",7,1,2013
"HEV-G",7,27,2013
"HEV-D",7,0,2013
"CNG",7,13,2013
"PHEV",7,0,2013
"BEV",7,0,2013
"ICEV-G",8,83781,2013
"ICEV-D",8,3,2013
"HEV-G",8,270,2013
"HEV-D",8,0,2013
"CNG",8,129,2013
"PHEV",8,0,2013
"BEV",8,0,2013
"ICEV-G",9,23039,2013
"ICEV-D",9,0,2013
"HEV-G",9,0,2013
"HEV-D",9,0,2013
"CNG",9,0,2013
"PHEV",9,0,2013
"BEV",9,0,2013
"ICEV-G",10,628,2013
"ICEV-D",10,0,2013
"HEV-G",10,0,2013
"HEV-D",10,0,2013
"CNG",10,0,2013
"PHEV",10,0,2013
"BEV",10,0,2013
"ICEV-G",11,362,2013
"ICEV-D",11,0,2013
"HEV-G",11,0,2013
"HEV-D",11,0,2013
"CNG",11,0,2013
"PHEV",11,0,2013
"BEV",11,0,2013
"ICEV-G",12,582,2013
"ICEV-D",12,0,2013
"HEV-G",12,0,2013
"HEV-D",12,0,2013
"CNG",12,0,2013
"PHEV",12,0,2013
"BEV",12,0,2013
"ICEV-G",13,556,2013
"ICEV-D",13,0,2013
"HEV-G",13,0,2013
"HEV-D",13,0,2013
"CNG",13,0,2013
"PHEV",13,0,2013
"BEV",13,0,2013
"ICEV-G",14,493,2013
"ICEV-D",14,0,2013
"HEV-G",14,0,2013
"HEV-D",14,0,2013
"CNG",14,0,2013
"PHEV",14,0,2013
"BEV",14,0,2013
"ICEV-G",15,551,2013
"ICEV-D",15,0,2013
"HEV-G",15,0,2013
"HEV-D",15,0,2013
"CNG",15,0,2013
"PHEV",15,0,2013
"BEV",15,0,2013
"ICEV-G",0,26161,2014
"ICEV-D",0,1794,2014
"HEV-G",0,742,2014
"HEV-D",0,11,2014
"CNG",0,0,2014
"PHEV",0,47,2014
"BEV",0,1,2014
"ICEV-G",1,20569,2014
"ICEV-D",1,731,2014
"HEV-G",1,345,2014
"HEV-D",1,6,2014
"CNG",1,0,2014
"PHEV",1,0,2014
"BEV",1,0,2014
"ICEV-G",2,26532,2014
"ICEV-D",2,335,2014
"HEV-G",2,904,2014
"HEV-D",2,0,2014
"CNG",2,0,2014
"PHEV",2,0,2014
"BEV",2,0,2014
"ICEV-G",3,20021,2014
"ICEV-D",3,208,2014
"HEV-G",3,485,2014
"HEV-D",3,0,2014
"CNG",3,0,2014
"PHEV",3,0,2014
"BEV",3,0,2014
"ICEV-G",4,37939,2014
"ICEV-D",4,95,2014
"HEV-G",4,687,2014
"HEV-D",4,0,2014
"CNG",4,30,2014
"PHEV",4,0,2014
"BEV",4,0,2014
"ICEV-G",5,67443,2014
"ICEV-D",5,26,2014
"HEV-G",5,668,2014
"HEV-D",5,0,2014
"CNG",5,196,2014
"PHEV",5,0,2014
"BEV",5,0,2014
"ICEV-G",6,98558,2014
"ICEV-D",6,13,2014
"HEV-G",6,959,2014
"HEV-D",6,0,2014
"CNG",6,1728,2014
"PHEV",6,0,2014
"BEV",6,0,2014
"ICEV-G",7,110701,2014
"ICEV-D",7,0,2014
"HEV-G",7,673,2014
"HEV-D",7,0,2014
"CNG",7,27,2014
"PHEV",7,0,2014
"BEV",7,0,2014
"ICEV-G",8,119817,2014
"ICEV-D",8,1,2014
"HEV-G",8,27,2014
"HEV-D",8,0,2014
"CNG",8,12,2014
"PHEV",8,0,2014
"BEV",8,0,2014
"ICEV-G",9,73386,2014
"ICEV-D",9,3,2014
"HEV-G",9,237,2014
"HEV-D",9,0,2014
"CNG",9,106,2014
"PHEV",9,0,2014
"BEV",9,0,2014
"ICEV-G",10,1840,2014
"ICEV-D",10,0,2014
"HEV-G",10,0,2014
"HEV-D",10,0,2014
"CNG",10,0,2014
"PHEV",10,0,2014
"BEV",10,0,2014
"ICEV-G",11,614,2014
"ICEV-D",11,0,2014
"HEV-G",11,0,2014
"HEV-D",11,0,2014
"CNG",11,0,2014
"PHEV",11,0,2014
"BEV",11,0,2014
"ICEV-G",12,357,2014
"ICEV-D",12,0,2014
"HEV-G",12,0,2014
"HEV-D",12,0,2014
"CNG",12,0,2014
"PHEV",12,0,2014
"BEV",12,0,2014
"ICEV-G",13,567,2014
"ICEV-D",13,0,2014
"HEV-G",13,0,2014
"HEV-D",13,0,2014
"CNG",13,0,2014
"PHEV",13,0,2014
"BEV",13,0,2014
"ICEV-G",14,533,2014
"ICEV-D",14,0,2014
"HEV-G",14,0,2014
"HEV-D",14,0,2014
"CNG",14,0,2014
"PHEV",14,0,2014
"BEV",14,0,2014
"ICEV-G",15,473,2014
"ICEV-D",15,0,2014
"HEV-G",15,0,2014
"HEV-D",15,0,2014
"CNG",15,0,2014
"PHEV",15,0,2014
"BEV",15,0,2014
"ICEV-G",0,54102,2015
"ICEV-D",0,2773,2015
"HEV-G",0,856,2015
"HEV-D",0,6,2015
"CNG",0,0,2015
"PHEV",0,61,2015
"BEV",0,0,2015
"ICEV-G",1,26155,2015
"ICEV-D",1,1794,2015
"HEV-G",1,742,2015
"HEV-D",1,11,2015
"CNG",1,0,2015
"PHEV",1,47,2015
"BEV",1,1,2015
"ICEV-G",2,20559,2015
"ICEV-D",2,731,2015
"HEV-G",2,345,2015
"HEV-D",2,6,2015
"CNG",2,0,2015
"PHEV",2,0,2015
"BEV",2,0,2015
"ICEV-G",3,26512,2015
"ICEV-D",3,335,2015
"HEV-G",3,903,2015
"HEV-D",3,0,2015
"CNG",3,0,2015
"PHEV",3,0,2015
"BEV",3,0,2015
"ICEV-G",4,20002,2015
"ICEV-D",4,208,2015
"HEV-G",4,485,2015
"HEV-D",4,0,2015
"CNG",4,0,2015
"PHEV",4,0,2015
"BEV",4,0,2015
"ICEV-G",5,37912,2015
"ICEV-D",5,95,2015
"HEV-G",5,687,2015
"HEV-D",5,0,2015
"CNG",5,29,2015
"PHEV",5,0,2015
"BEV",5,0,2015
"ICEV-G",6,67420,2015
"ICEV-D",6,26,2015
"HEV-G",6,668,2015
"HEV-D",6,0,2015
"CNG",6,189,2015
"PHEV",6,0,2015
"BEV",6,0,2015
"ICEV-G",7,98485,2015
"ICEV-D",7,13,2015
"HEV-G",7,958,2015
"HEV-D",7,0,2015
"CNG",7,1664,2015
"PHEV",7,0,2015
"BEV",7,0,2015
"ICEV-G",8,110414,2015
"ICEV-D",8,0,2015
"HEV-G",8,671,2015
"HEV-D",8,0,2015
"CNG",8,26,2015
"PHEV",8,0,2015
"BEV",8,0,2015
"ICEV-G",9,113053,2015
"ICEV-D",9,1,2015
"HEV-G",9,25,2015
"HEV-D",9,0,2015
"CNG",9,11,2015
"PHEV",9,0,2015
"BEV",9,0,2015
"ICEV-G",10,9512,2015
"ICEV-D",10,0,2015
"HEV-G",10,31,2015
"HEV-D",10,0,2015
"CNG",10,13,2015
"PHEV",10,0,2015
"BEV",10,0,2015
"ICEV-G",11,1817,2015
"ICEV-D",11,0,2015
"HEV-G",11,0,2015
"HEV-D",11,0,2015
"CNG",11,0,2015
"PHEV",11,0,2015
"BEV",11,0,2015
"ICEV-G",12,592,2015
"ICEV-D",12,0,2015
"HEV-G",12,0,2015
"HEV-D",12,0,2015
"CNG",12,0,2015
"PHEV",12,0,2015
"BEV",12,0,2015
"ICEV-G",13,345,2015
"ICEV-D",13,0,2015
"HEV-G",13,0,2015
"HEV-D",13,0,2015
"CNG",13,0,2015
"PHEV",13,0,2015
"BEV",13,0,2015
"ICEV-G",14,526,2015
"ICEV-D",14,0,2015
"HEV-G",14,0,2015
"HEV-D",14,0,2015
"CNG",14,0,2015
"PHEV",14,0,2015
"BEV",14,0,2015
"ICEV-G",15,494,2015
"ICEV-D",15,0,2015
"HEV-G",15,0,2015
"HEV-D",15,0,2015
"CNG",15,0,2015
"PHEV",15,0,2015
"BEV",15,0,2015
"ICEV-G",0,83273,2016
"ICEV-D",0,4399,2016
"HEV-G",0,3783,2016
"HEV-D",0,0,2016
"CNG",0,0,2016
"PHEV",0,17,2016
"BEV",0,11,2016
"ICEV-G",1,54086,2016
"ICEV-D",1,2772,2016
"HEV-G",1,856,2016
"HEV-D",1,6,2016
"CNG",1,0,2016
"PHEV",1,61,2016
"BEV",1,0,2016
"ICEV-G",2,26139,2016
"ICEV-D",2,1793,2016
"HEV-G",2,742,2016
"HEV-D",2,11,2016
"CNG",2,0,2016
"PHEV",2,47,2016
"BEV",2,1,2016
"ICEV-G",3,20397,2016
"ICEV-D",3,725,2016
"HEV-G",3,342,2016
"HEV-D",3,6,2016
"CNG",3,0,2016
"PHEV",3,0,2016
"BEV",3,0,2016
"ICEV-G",4,26392,2016
"ICEV-D",4,333,2016
"HEV-G",4,899,2016
"HEV-D",4,0,2016
"CNG",4,0,2016
"PHEV",4,0,2016
"BEV",4,0,2016
"ICEV-G",5,19954,2016
"ICEV-D",5,208,2016
"HEV-G",5,484,2016
"HEV-D",5,0,2016
"CNG",5,0,2016
"PHEV",5,0,2016
"BEV",5,0,2016
"ICEV-G",6,37863,2016
"ICEV-D",6,95,2016
"HEV-G",6,686,2016
"HEV-D",6,0,2016
"CNG",6,25,2016
"PHEV",6,0,2016
"BEV",6,0,2016
"ICEV-G",7,67346,2016
"ICEV-D",7,26,2016
"HEV-G",7,667,2016
"HEV-D",7,0,2016
"CNG",7,166,2016
"PHEV",7,0,2016
"BEV",7,0,2016
"ICEV-G",8,98139,2016
"ICEV-D",8,13,2016
"HEV-G",8,955,2016
"HEV-D",8,0,2016
"CNG",8,1456,2016
"PHEV",8,0,2016
"BEV",8,0,2016
"ICEV-G",9,102684,2016
"ICEV-D",9,0,2016
"HEV-G",9,624,2016
"HEV-D",9,0,2016
"CNG",9,21,2016
"PHEV",9,0,2016
"BEV",9,0,2016
"ICEV-G",10,30301,2016
"ICEV-D",10,0,2016
"HEV-G",10,7,2016
"HEV-D",10,0,2016
"CNG",10,3,2016
"PHEV",10,0,2016
"BEV",10,0,2016
"ICEV-G",11,9330,2016
"ICEV-D",11,0,2016
"HEV-G",11,30,2016
"HEV-D",11,0,2016
"CNG",11,11,2016
"PHEV",11,0,2016
"BEV",11,0,2016
"ICEV-G",12,1749,2016
"ICEV-D",12,0,2016
"HEV-G",12,0,2016
"HEV-D",12,0,2016
"CNG",12,0,2016
"PHEV",12,0,2016
"BEV",12,0,2016
"ICEV-G",13,554,2016
"ICEV-D",13,0,2016
"HEV-G",13,0,2016
"HEV-D",13,0,2016
"CNG",13,0,2016
"PHEV",13,0,2016
"BEV",13,0,2016
"ICEV-G",14,305,2016
"ICEV-D",14,0,2016
"HEV-G",14,0,2016
"HEV-D",14,0,2016
"CNG",14,0,2016
"PHEV",14,0,2016
"BEV",14,0,2016
"ICEV-G",15,465,2016
"ICEV-D",15,0,2016
"HEV-G",15,0,2016
"HEV-D",15,0,2016
"CNG",15,0,2016
"PHEV",15,0,2016
"BEV",15,0,2016
"ICEV-G",0,79669,2017
"ICEV-D",0,5187,2017
"HEV-G",0,11239,2017
"HEV-D",0,0,2017
"CNG",0,0,2017
"PHEV",0,81,2017
"BEV",0,302,2017
"ICEV-G",1,83259,2017
"ICEV-D",1,4398,2017
"HEV-G",1,3782,2017
"HEV-D",1,0,2017
"CNG",1,0,2017
"PHEV",1,17,2017
"BEV",1,11,2017
"ICEV-G",2,54053,2017
"ICEV-D",2,2770,2017
"HEV-G",2,855,2017
"HEV-D",2,6,2017
"CNG",2,0,2017
"PHEV",2,61,2017
"BEV",2,0,2017
"ICEV-G",3,26019,2017
"ICEV-D",3,1785,2017
"HEV-G",3,739,2017
"HEV-D",3,11,2017
"CNG",3,0,2017
"PHEV",3,47,2017
"BEV",3,1,2017
"ICEV-G",4,19938,2017
"ICEV-D",4,709,2017
"HEV-G",4,334,2017
"HEV-D",4,6,2017
"CNG",4,0,2017
"PHEV",4,0,2017
"BEV",4,0,2017
"ICEV-G",5,25815,2017
"ICEV-D",5,326,2017
"HEV-G",5,879,2017
"HEV-D",5,0,2017
"CNG",5,0,2017
"PHEV",5,0,2017
"BEV",5,0,2017
"ICEV-G",6,19793,2017
"ICEV-D",6,206,2017
"HEV-G",6,480,2017
"HEV-D",6,0,2017
"CNG",6,0,2017
"PHEV",6,0,2017
"BEV",6,0,2017
"ICEV-G",7,37702,2017
"ICEV-D",7,95,2017
"HEV-G",7,683,2017
"HEV-D",7,0,2017
"CNG",7,16,2017
"PHEV",7,0,2017
"BEV",7,0,2017
"ICEV-G",8,67064,2017
"ICEV-D",8,26,2017
"HEV-G",8,664,2017
"HEV-D",8,0,2017
"CNG",8,107,2017
"PHEV",8,0,2017
"BEV",8,0,2017
"ICEV-G",9,90309,2017
"ICEV-D",9,12,2017
"HEV-G",9,879,2017
"HEV-D",9,0,2017
"CNG",9,870,2017
"PHEV",9,0,2017
"BEV",9,0,2017
"ICEV-G",10,29972,2017
"ICEV-D",10,0,2017
"HEV-G",10,182,2017
"HEV-D",10,0,2017
"CNG",10,4,2017
"PHEV",10,0,2017
"BEV",10,0,2017
"ICEV-G",11,29900,2017
"ICEV-D",11,0,2017
"HEV-G",11,7,2017
"HEV-D",11,0,2017
"CNG",11,2,2017
"PHEV",11,0,2017
"BEV",11,0,2017
"ICEV-G",12,8683,2017
"ICEV-D",12,0,2017
"HEV-G",12,28,2017
"HEV-D",12,0,2017
"CNG",12,6,2017
"PHEV",12,0,2017
"BEV",12,0,2017
"ICEV-G",13,1557,2017
"ICEV-D",13,0,2017
"HEV-G",13,0,2017
"HEV-D",13,0,2017
"CNG",13,0,2017
"PHEV",13,0,2017
"BEV",13,0,2017
"ICEV-G",14,458,2017
"ICEV-D",14,0,2017
"HEV-G",14,0,2017
"HEV-D",14,0,2017
"CNG",14,0,2017
"PHEV",14,0,2017
"BEV",14,0,2017
"ICEV-G",15,252,2017
"ICEV-D",15,0,2017
"HEV-G",15,0,2017
"HEV-D",15,0,2017
"CNG",15,0,2017
"PHEV",15,0,2017
"BEV",15,0,2017
"ICEV-G",0,70626,2018
"ICEV-D",0,2095,2018
"HEV-G",0,7311,2018
"HEV-D",0,0,2018
"CNG",0,0,2018
"PHEV",0,53,2018
"BEV",0,196,2018
"ICEV-G",1,79574,2018
"ICEV-D",1,5181,2018
"HEV-G",1,11226,2018
"HEV-D",1,0,2018
"CNG",1,0,2018
"PHEV",1,81,2018
"BEV",1,302,2018
"ICEV-G",2,83124,2018
"ICEV-D",2,4391,2018
"HEV-G",2,3776,2018
"HEV-D",2,0,2018
"CNG",2,0,2018
"PHEV",2,17,2018
"BEV",2,11,2018
"ICEV-G",3,53751,2018
"ICEV-D",3,2754,2018
"HEV-G",3,850,2018
"HEV-D",3,6,2018
"CNG",3,0,2018
"PHEV",3,61,2018
"BEV",3,0,2018
"ICEV-G",4,25407,2018
"ICEV-D",4,1743,2018
"HEV-G",4,721,2018
"HEV-D",4,11,2018
"CNG",4,0,2018
"PHEV",4,46,2018
"BEV",4,1,2018
"ICEV-G",5,19482,2018
"ICEV-D",5,693,2018
"HEV-G",5,327,2018
"HEV-D",5,6,2018
"CNG",5,0,2018
"PHEV",5,0,2018
"BEV",5,0,2018
"ICEV-G",6,25581,2018
"ICEV-D",6,323,2018
"HEV-G",6,871,2018
"HEV-D",6,0,2018
"CNG",6,0,2018
"PHEV",6,0,2018
"BEV",6,0,2018
"ICEV-G",7,19689,2018
"ICEV-D",7,205,2018
"HEV-G",7,478,2018
"HEV-D",7,0,2018
"CNG",7,0,2018
"PHEV",7,0,2018
"BEV",7,0,2018
"ICEV-G",8,37506,2018
"ICEV-D",8,95,2018
"HEV-G",8,679,2018
"HEV-D",8,0,2018
"CNG",8,16,2018
"PHEV",8,0,2018
"BEV",8,0,2018
"ICEV-G",9,61652,2018
"ICEV-D",9,24,2018
"HEV-G",9,610,2018
"HEV-D",9,0,2018
"CNG",9,98,2018
"PHEV",9,0,2018
"BEV",9,0,2018
"ICEV-G",10,26333,2018
"ICEV-D",10,4,2018
"HEV-G",10,257,2018
"HEV-D",10,0,2018
"CNG",10,254,2018
"PHEV",10,0,2018
"BEV",10,0,2018
"ICEV-G",11,29546,2018
"ICEV-D",11,0,2018
"HEV-G",11,180,2018
"HEV-D",11,0,2018
"CNG",11,4,2018
"PHEV",11,0,2018
"BEV",11,0,2018
"ICEV-G",12,27800,2018
"ICEV-D",12,0,2018
"HEV-G",12,7,2018
"HEV-D",12,0,2018
"CNG",12,2,2018
"PHEV",12,0,2018
"BEV",12,0,2018
"ICEV-G",13,7722,2018
"ICEV-D",13,0,2018
"HEV-G",13,25,2018
"HEV-D",13,0,2018
"CNG",13,5,2018
"PHEV",13,0,2018
"BEV",13,0,2018
"ICEV-G",14,1286,2018
"ICEV-D",14,0,2018
"HEV-G",14,0,2018
"HEV-D",14,0,2018
"CNG",14,0,2018
"PHEV",14,0,2018
"BEV",14,0,2018
"ICEV-G",15,379,2018
"ICEV-D",15,0,2018
"HEV-G",15,0,2018
"HEV-D",15,0,2018
"CNG",15,0,2018
"PHEV",15,0,2018
"BEV",15,0,2018
